,,,,,,,,,,,,,,,,,,,,,,,,,,,,,,,,,,
,,,"District
Public School
Adequacy

SFY 2026",,Calculated Cost of an Adequate Education,,,,,,,,,,,"Statewide Education Property Tax (SWEPT)

($1.120 Equalized Tax)",Extraordinary Grant,,,,"Preliminary Grant 

 Cost of Adequacy            Less SWEPT Plus Extraordinary Needs",Hold Harmless 2025,,Hold Harmless 95% of 2026 Estimate,,Adequacy Grant,,Final Total State Grant,,,,,,
,,,,,Base Adequacy,,,,Special Education Aid,,English Language Learner Aid,,Home Education Aid,,Total Calculated Cost of an Adequate Education,,Equalized Valuation,"Based on EV Per F&R Pupil (EVFRP) / 
Sliding Scale Grant with $11,500 per F&R for EVFRP Under $1.664 million and $0 for EVFRP over $6.866 million",,Extraordinary Needs Grant Award,,FY 2025 Hold Harmless Grant,FY 2026 Hold Harmless Grant is 80 Percent of FY 2025,Districts Guaranteed 95% of November 2024 Estimate of FY 2026,95 Percent Hold Harmless," Adequacy Grant = Cost of an Adequacy Education, Minus SWEPT, Plus Extraordinary Needs Grant, Plus Hold Harmless Grants ",,"   
Adequacy Grant

&

SWEPT Grant",,,,,,
,From EOY Data Excl Charter And OOS,,,, 2024-2025 Membership ,Base Adequacy Aid," 2024-2025
 F&R Membership ",Free or Reduced Differentiated Aid," 2024-2025
SPED Membership ",Special Education Differentiated Aid," 2024-2025
ELL Membership ",ELL Differentiated Aid,"2024-2025
Home Education Membership",Home Education Aid,,,,,,,,,,,,,,,,,,,,
,,,,,ADM," 4,265.64 ",ADM," 2,392.92 ",ADM," 2,184.84 ",ADM, 832.32 ,ADM,"$4,265.64 ",,,,EV Per F&R,Aid Per F&R ADMR,Total,,,,,,,,,,,,,,
,,,Loc #,State Total,"152,139.62","648,972,840.96 ","40,467.85","96,836,327.38 ","31,459.30 ","68,733,540.23 ","5,846.82","4,866,428.29 ",34.55 ,"147,375.73 "," 819,556,512.59 "," 363,516,836 ","337,545,735,414",,," $180,171,742.78 "," 664,710,118.36 "," 59,449,971.16 "," 47,559,976.93 "," 716,948,319.53 "," 3,200,171.37 "," 715,470,266.68 ",,"1,078,987,102.68 ",,,,,,
,,,,,,,,,,,,,,,,,,,,,,,,,,,,,,,,,,
,,,3,Acworth, 90.21 ," 384,796.99 ", 28.93 ," 69,219.76 ", 19.35 ," 42,285.83 ", -   , -   , -   , -   ," 496,302.58 "," 201,938 "," 186,032,006.68 "," 6,431,107.61 ", 962.53 ," 27,842.91 "," 322,207.49 "," 86,027.60 ","68,822.08","430,421.42"," 17,870.78 "," 408,900.35 ",," 610,838.35 ",,,,,,
5,Albany,TRUE,5,Albany, 60.23 ," 256,898.17 ", 31.16 ," 74,558.60 ", 16.34 ," 35,710.12 ", -   , -   , -   , -   ," 367,166.89 "," 241,237 "," 219,844,778.11 "," 7,055,805.19 ", -   , -   ," 125,929.89 "," 251,271.75 ","201,017.40","329,279.68", -   ," 326,947.29 ",," 568,184.29 ",,,,,,
7,Alexandria,TRUE,7,Alexandria, 204.52 ," 872,409.97 ", 74.65 ," 178,637.70 ", 39.97 ," 87,321.06 ", 1.68 ," 1,401.04 ", -   , -   ," 1,139,769.77 "," 432,105 "," 406,991,121.25 "," 5,451,801.03 "," 3,126.79 "," 233,423.31 "," 941,088.08 "," 101,020.64 ","80,816.51","836,202.62", -   ," 1,021,904.59 ",," 1,454,009.59 ",,,,,,
9,Allenstown,TRUE,9,Allenstown, 498.75 ," 2,127,501.17 ", 210.77 ," 504,349.05 ", 109.58 ," 239,413.67 ", 8.43 ," 7,020.54 ", -   , -   ," 2,878,284.43 "," 638,198 "," 581,007,242.56 "," 2,756,630.27 "," 9,083.12 "," 1,914,424.09 "," 4,154,510.52 "," 1,163,255.36 ","930,604.29","4,952,618.13", -   ," 5,085,114.81 ",," 5,723,312.81 ",,,,,,
11,Alstead,TRUE,11,Alstead, 155.17 ," 661,887.42 ", 59.35 ," 142,016.45 ", 27.47 ," 60,015.59 ", -   , -   , -   , -   ," 863,919.46 "," 323,247 "," 294,890,764.37 "," 4,968,790.58 "," 4,194.25 "," 248,922.70 "," 789,595.16 "," 569,191.15 ","455,352.92","1,399,044.07"," 84,143.79 "," 1,329,091.87 ",," 1,652,338.87 ",,,,,,
15,Alton,TRUE,15,Alton, 549.59 ," 2,344,334.32 ", 110.93 ," 265,449.97 ", 120.00 ," 262,177.30 ", -   , -   , 0.15 , 639.85 ," 2,872,601.44 "," 4,189,966 "," 3,761,895,340.25 "," 33,911,907.18 ", -   , -   , -   , -   ,0.00,0.00, -   , -   ,," 4,189,966.00 ",,,,,,
17,Amherst,TRUE,17,Amherst," 1,790.72 "," 7,638,568.99 ", 147.30 ," 352,472.33 ", 330.15 ," 721,333.67 ", 13.85 ," 11,530.96 ", 0.53 ," 2,239.46 "," 8,726,145.41 "," 3,511,304 "," 3,231,889,973.89 "," 21,941,166.71 ", -   , -   ," 5,214,841.41 ", -   ,0.00,"5,149,093.63", -   ," 5,214,841.41 ",," 8,726,145.41 ",,,,,,
19,Andover,TRUE,19,Andover, 239.96 ," 1,023,601.32 ", 63.78 ," 152,609.19 ", 53.53 ," 116,953.83 ", -   , -   , -   , -   ," 1,293,164.34 "," 536,623 "," 520,115,266.10 "," 8,155,434.25 ", -   , -   ," 756,541.34 "," 192,399.89 ","153,919.91","937,478.78", -   ," 910,461.25 ",," 1,447,084.25 ",,,,,,
21,Antrim,TRUE,21,Antrim, 307.82 ," 1,313,056.13 ", 98.15 ," 234,862.71 ", 85.79 ," 187,447.69 ", 2.62 ," 2,184.67 ", -   , -   ," 1,737,551.20 "," 492,114 "," 496,273,386.70 "," 5,056,326.47 "," 4,000.79 "," 392,673.82 "," 1,638,111.02 "," 539,413.81 ","431,531.05","2,222,704.45"," 41,927.16 "," 2,111,569.23 ",," 2,603,683.23 ",,,,,,
23,Ashland,TRUE,23,Ashland, 227.98 ," 972,492.12 ", 79.64 ," 190,579.09 ", 47.78 ," 104,388.16 ", 1.99 ," 1,655.23 ", -   , -   ," 1,269,114.60 "," 476,026 "," 454,611,879.67 "," 5,708,128.15 "," 2,560.31 "," 203,910.61 "," 996,999.21 "," 149,585.11 ","119,668.09","1,128,110.63", -   ," 1,116,667.30 ",," 1,592,693.30 ",,,,,,
27,Atkinson,TRUE,27,Atkinson, 668.60 ," 2,852,009.04 ", 40.67 ," 97,314.79 ", 129.78 ," 283,544.38 ", 1.50 ," 1,245.32 ", -   , -   ," 3,234,113.53 "," 2,116,291 "," 1,912,795,116.29 "," 47,034,634.68 ", -   , -   ," 1,117,822.53 ", -   ,0.00,"1,090,845.17", -   ," 1,117,822.53 ",," 3,234,113.53 ",,,,,,
29,Auburn,TRUE,29,Auburn, 939.90 ," 4,009,286.98 ", 68.06 ," 162,873.62 ", 117.49 ," 256,707.34 ", 11.04 ," 9,192.89 ", -   , -   ," 4,438,060.83 "," 1,630,050 "," 1,471,801,013.48 "," 21,623,526.60 ", -   , -   ," 2,808,010.83 ", -   ,0.00,"2,811,818.11", -   ," 2,808,010.83 ",," 4,438,060.83 ",,,,,,
31,Barnstead,TRUE,31,Barnstead, 624.55 ," 2,664,116.55 ", 191.19 ," 457,496.63 ", 145.93 ," 318,836.54 ", -   , -   , -   , -   ," 3,440,449.72 "," 1,209,699 "," 1,101,927,132.37 "," 5,763,591.01 "," 2,437.74 "," 466,065.33 "," 2,696,816.05 "," 829,876.70 ","663,901.36","3,268,309.33", -   ," 3,360,717.41 ",," 4,570,416.41 ",,,,,,
33,Barrington,TRUE,33,Barrington," 1,321.46 "," 5,636,885.43 ", 163.31 ," 390,780.59 ", 284.79 ," 622,211.41 ", 8.00 ," 6,658.56 ", 0.45 ," 1,919.54 "," 6,658,455.53 "," 2,142,168 "," 1,957,092,600.97 "," 11,984,131.73 ", -   , -   ," 4,516,287.53 "," 308,876.92 ","247,101.53","4,755,554.55", -   ," 4,763,389.06 ",," 6,905,557.06 ",,,,,,
35,Bartlett,TRUE,35,Bartlett, 203.85 ," 869,530.24 ", 65.96 ," 157,841.79 ", 46.31 ," 101,182.13 ", 0.98 , 812.43 , -   , -   ," 1,129,366.59 "," 2,529,838 "," 2,279,894,958.01 "," 34,563,763.35 ", -   , -   , -   , -   ,0.00,0.00, -   , -   ,," 2,529,838.00 ",,,,,,
39,Bath,TRUE,39,Bath, 109.54 ," 467,244.56 ", 15.68 ," 37,518.59 ", 22.20 ," 48,496.02 ", -   , -   , -   , -   ," 553,259.17 "," 186,745 "," 198,858,268.17 "," 12,683,096.38 ", -   , -   ," 366,514.17 "," 302,834.33 ","242,267.46","619,568.93", -   ," 608,781.63 ",," 795,526.63 ",,,,,,
41,Bedford,TRUE,41,Bedford," 3,799.31 "," 16,206,494.25 ", 264.16 ," 632,102.02 ", 589.10 ," 1,287,097.11 ", 88.69 ," 73,818.04 ", 0.38 ," 1,599.62 "," 18,201,111.04 "," 7,124,501 "," 6,463,015,704.33 "," 24,466,745.88 ", -   , -   ," 11,076,610.04 ", -   ,0.00,"11,132,614.66", -   ," 11,076,610.04 ",," 18,201,111.04 ",,,,,,
43,Belmont,TRUE,43,Belmont, 857.63 ," 3,658,331.45 ", 267.27 ," 639,545.92 ", 201.40 ," 440,033.11 ", 6.00 ," 4,993.92 ", 1.05 ," 4,478.92 "," 4,747,383.32 "," 1,629,571 "," 1,481,274,504.38 "," 5,542,325.09 "," 2,926.74 "," 782,216.72 "," 3,900,029.04 ", -   ,0.00,"4,424,658.32"," 303,396.36 "," 4,203,425.40 ",," 5,832,996.40 ",,,,,,
45,Bennington,TRUE,45,Bennington, 197.20 ," 841,189.33 ", 69.64 ," 166,638.88 ", 63.18 ," 138,028.58 ", -   , -   , 0.15 , 639.85 ," 1,146,496.64 "," 254,516 "," 233,688,487.02 "," 3,355,746.58 "," 7,759.07 "," 540,328.75 "," 1,432,309.39 "," 66,287.81 ","53,030.24","1,354,566.40", -   ," 1,485,339.63 ",," 1,739,855.63 ",,,,,,
47,Benton,TRUE,47,Benton, 21.00 ," 89,578.44 ", 9.00 ," 21,536.28 ", 9.00 ," 19,663.56 ", -   , -   , -   , -   ," 130,778.28 "," 57,042 "," 52,723,650.64 "," 5,858,183.40 "," 2,228.69 "," 20,058.20 "," 93,794.48 "," 16,753.78 ","13,403.03","98,413.41", -   ," 107,197.51 ",," 164,239.51 ",,,,,,
51,Berlin,TRUE,51,Berlin, 909.61 ," 3,880,050.46 ", 525.38 ," 1,257,194.94 ", 192.82 ," 421,276.48 ", 7.00 ," 5,826.24 ", 0.68 ," 2,879.31 "," 5,567,227.43 "," 665,317 "," 905,574,722.84 "," 1,723,653.03 "," 11,366.00 "," 5,971,482.22 "," 10,873,392.65 "," 1,454,959.42 ","1,163,967.53","11,841,569.65", -   ," 12,037,360.18 ",," 12,702,677.18 ",,,,,,
53,Bethlehem,TRUE,53,Bethlehem, 242.57 ," 1,034,724.40 ", 84.03 ," 201,084.01 ", 36.73 ," 80,259.00 ", -   , -   , -   , -   ," 1,316,067.41 "," 637,643 "," 586,742,802.46 "," 6,982,298.63 ", -   , -   ," 678,424.41 "," 473,633.25 ","378,906.60","1,086,243.33", -   ," 1,057,331.01 ",," 1,694,974.01 ",,,,,,
55,Boscawen,TRUE,55,Boscawen, 465.41 ," 1,985,260.42 ", 136.99 ," 327,804.91 ", 104.50 ," 228,324.30 ", 4.00 ," 3,329.28 ", 0.08 , 319.92 ," 2,545,038.83 "," 561,210 "," 524,572,656.42 "," 3,829,290.98 "," 6,712.54 "," 919,547.68 "," 2,903,376.51 "," 199,447.04 ","159,557.64","3,269,363.99"," 42,961.64 "," 3,105,895.79 ",," 3,667,105.79 ",,,,,,
57,Bow,TRUE,57,Bow," 1,417.77 "," 6,047,708.79 ", 77.51 ," 185,485.04 ", 221.01 ," 482,861.88 ", 12.01 ," 9,992.50 ", -   , -   ," 6,726,048.21 "," 2,194,127 "," 2,126,555,629.57 "," 27,434,436.18 ", -   , -   ," 4,531,921.21 "," 152,476.07 ","121,980.85","4,694,856.06", -   ," 4,653,902.06 ",," 6,848,029.06 ",,,,,,
59,Bradford,TRUE,59,Bradford, 198.30 ," 845,879.40 ", 53.23 ," 127,383.99 ", 38.80 ," 84,778.78 ", -   , -   , 0.30 ," 1,279.69 "," 1,059,321.86 "," 376,902 "," 341,392,992.68 "," 6,413,099.08 "," 1,002.33 "," 53,357.49 "," 735,777.35 "," 205,177.25 ","164,141.80","830,826.93", -   ," 899,919.15 ",," 1,276,821.15 ",,,,,,
63,Brentwood,TRUE,63,Brentwood, 620.90 ," 2,648,541.85 ", 48.60 ," 116,297.59 ", 117.46 ," 256,620.38 ", 1.00 , 832.32 , -   , -   ," 3,022,292.14 "," 1,220,803 "," 1,126,701,188.48 "," 23,182,818.12 ", -   , -   ," 1,801,489.14 ", -   ,0.00,"1,814,380.42", -   ," 1,801,489.14 ",," 3,022,292.14 ",,,,,,
65,Bridgewater,TRUE,65,Bridgewater, 78.99 ," 336,959.97 ", 19.55 ," 46,785.89 ", 10.98 ," 23,979.71 ", 2.00 ," 1,664.64 ", -   , -   ," 409,390.21 "," 913,415 "," 827,947,257.66 "," 42,346,344.46 ", -   , -   , -   , -   ,0.00,0.00, -   , -   ,," 913,415.00 ",,,,,,
67,Bristol,TRUE,67,Bristol, 334.24 ," 1,425,726.61 ", 145.06 ," 347,123.91 ", 67.85 ," 148,234.62 ", 3.00 ," 2,496.96 ", -   , -   ," 1,923,582.10 "," 1,131,503 "," 1,039,356,257.82 "," 7,164,866.12 ", -   , -   ," 792,079.10 ", -   ,0.00,"896,436.95"," 59,536.00 "," 851,615.10 ",," 1,983,118.10 ",,,,,,
69,Brookfield,TRUE,69,Brookfield, 84.15 ," 358,940.38 ", 16.00 ," 38,286.72 ", 11.00 ," 24,033.24 ", 1.00 , 832.32 , -   , -   ," 422,092.66 "," 235,384 "," 212,324,816.22 "," 13,270,301.01 ", -   , -   ," 186,708.66 "," 73,003.94 ","58,403.15","219,723.67", -   ," 245,111.81 ",," 480,495.81 ",,,,,,
71,Brookline,TRUE,71,Brookline," 1,043.35 "," 4,450,539.71 ", 43.55 ," 104,211.67 ", 166.80 ," 364,436.99 ", 13.36 ," 11,117.22 ", 0.30 ," 1,279.69 "," 4,931,585.28 "," 1,293,996 "," 1,167,560,036.77 "," 26,809,644.93 ", -   , -   ," 3,637,589.28 "," 647,384.36 ","517,907.48","4,190,084.39", -   ," 4,155,496.77 ",," 5,449,492.77 ",,,,,,
73,Cambridge,TRUE,73,Cambridge, -   , -   , -   , -   , -   , -   , -   , -   , -   , -   , -   ," 13,127 "," 11,999,878.39 ", -   ,  , -   , -   , -   ,0.00,0.00, -   , -   ,," 13,127.00 ",,,,,,
75,Campton,TRUE,75,Campton, 390.68 ," 1,666,502.79 ", 110.59 ," 264,644.27 ", 76.96 ," 168,154.68 ", 4.97 ," 4,138.54 ", 0.15 , 639.85 ," 2,104,080.13 "," 1,120,920 "," 1,025,030,401.89 "," 9,268,350.13 ", -   , -   ," 983,160.13 "," 697,149.13 ","557,719.30","1,573,155.17", -   ," 1,540,879.43 ",," 2,661,799.43 ",,,,,,
77,Canaan,TRUE,77,Canaan, 366.82 ," 1,564,728.89 ", 77.89 ," 186,374.97 ", 77.69 ," 169,749.61 ", 1.00 , 832.32 , -   , -   ," 1,921,685.79 "," 691,859 "," 626,913,660.48 "," 8,049,118.72 ", -   , -   ," 1,229,826.79 "," 929,912.93 ","743,930.35","2,241,556.61"," 155,721.64 "," 2,129,478.78 ",," 2,821,337.78 ",,,,,,
79,Candia,TRUE,79,Candia, 412.71 ," 1,760,476.12 ", 53.43 ," 127,842.71 ", 60.33 ," 131,810.96 ", -   , -   , -   , -   ," 2,020,129.79 "," 932,068 "," 851,370,637.84 "," 15,935,690.47 ", -   , -   ," 1,088,061.79 ", -   ,0.00,"1,065,819.72", -   ," 1,088,061.79 ",," 2,020,129.79 ",,,,,,
81,Canterbury,TRUE,81,Canterbury, 228.90 ," 976,404.57 ", 38.78 ," 92,806.77 ", 40.54 ," 88,575.60 ", 3.82 ," 3,179.63 ", -   , -   ," 1,160,966.57 "," 588,288 "," 536,005,141.28 "," 13,820,300.21 ", -   , -   ," 572,678.57 ", -   ,0.00,"571,147.82", -   ," 572,678.57 ",," 1,160,966.57 ",,,,,,
83,Carroll,TRUE,83,Carroll, 53.05 ," 226,273.01 ", 14.81 ," 35,438.43 ", 7.00 ," 15,293.88 ", 3.66 ," 3,043.21 ", -   , -   ," 280,048.53 "," 802,161 "," 723,660,683.74 "," 48,863,966.44 ", -   , -   , -   , -   ,0.00,0.00, -   , -   ,," 802,161.00 ",,,,,,
87,Center Harbor,TRUE,87,Center Harbor, 99.50 ," 424,432.46 ", 16.57 ," 39,650.45 ", 16.45 ," 35,930.57 ", -   , -   , -   , -   ," 500,013.48 "," 1,071,741 "," 963,759,490.30 "," 58,163,265.34 ", -   , -   , -   , -   ,0.00,0.00, -   , -   ,," 1,071,741.00 ",,,,,,
89,Charlestown,TRUE,89,Charlestown, 595.51 ," 2,540,234.26 ", 248.25 ," 594,030.90 ", 154.88 ," 338,381.90 ", 6.56 ," 5,463.93 ", -   , -   ," 3,478,110.99 "," 578,477 "," 548,851,099.77 "," 2,210,923.31 "," 10,289.13 "," 2,554,228.10 "," 5,453,862.09 "," 223,693.78 ","178,955.02","5,970,772.45"," 39,416.71 "," 5,672,233.82 ",," 6,250,710.82 ",,,,,,
91,Chatham,TRUE,91,Chatham, 42.00 ," 179,156.88 ", 2.00 ," 4,785.84 ", 3.00 ," 6,554.52 ", -   , -   , -   , -   ," 190,497.24 "," 98,299 "," 90,255,045.16 "," 45,127,522.58 ", -   , -   ," 92,198.24 ", -   ,0.00,"117,279.71"," 19,217.48 "," 111,415.72 ",," 209,714.72 ",,,,,,
93,Chester,TRUE,93,Chester, 729.86 ," 3,113,303.37 ", 47.61 ," 113,937.45 ", 135.38 ," 295,792.38 ", 13.00 ," 10,820.16 ", -   , -   ," 3,533,853.36 "," 1,264,821 "," 1,192,099,639.36 "," 25,036,535.99 ", -   , -   ," 2,269,032.36 "," 412,268.25 ","329,814.60","2,586,723.00", -   ," 2,598,846.96 ",," 3,863,667.96 ",,,,,,
95,Chesterfield,TRUE,95,Chesterfield, 379.97 ," 1,620,815.66 ", 57.86 ," 138,449.33 ", 42.85 ," 93,630.01 ", 4.00 ," 3,329.28 ", 0.15 , 639.85 ," 1,856,864.13 "," 965,145 "," 873,508,496.12 "," 15,097,480.14 ", -   , -   ," 891,719.13 ", 563.36 ,450.69,"892,365.40", -   ," 892,169.81 ",," 1,857,314.81 ",,,,,,
99,Chichester,TRUE,99,Chichester, 277.75 ," 1,184,789.61 ", 41.46 ," 99,220.03 ", 48.57 ," 106,107.19 ", -   , -   , -   , -   ," 1,390,116.83 "," 606,438 "," 550,327,271.11 "," 13,272,411.52 ", -   , -   ," 783,678.83 "," 141,811.82 ","113,449.46","896,085.03", -   ," 897,128.29 ",," 1,503,566.29 ",,,,,,
101,Claremont,TRUE,101,Claremont," 1,488.02 "," 6,347,371.71 ", 733.26 ," 1,754,621.99 ", 383.88 ," 838,713.32 ", 22.95 ," 19,100.25 ", 0.60 ," 2,559.38 "," 8,962,366.65 "," 1,458,542 "," 1,365,482,104.50 "," 1,862,218.45 "," 11,059.77 "," 8,109,639.48 "," 15,613,464.13 "," 1,646,928.17 ","1,317,542.54","16,206,000.46", -   ," 16,931,006.67 ",," 18,389,548.67 ",,,,,,
103,Clarksville,TRUE,103,Clarksville, 15.18 ," 64,757.96 ", 2.62 ," 6,263.47 ", 1.07 ," 2,333.41 ", -   , -   , -   , -   ," 73,354.84 "," 123,638 "," 113,184,347.13 "," 43,241,393.37 ", -   , -   , -   , -   ,0.00,0.00, -   , -   ,," 123,638.00 ",,,,,,
105,Colebrook,TRUE,105,Colebrook, 183.44 ," 782,491.99 ", 72.92 ," 174,501.06 ", 38.92 ," 85,023.05 ", -   , -   , -   , -   ," 1,042,016.10 "," 382,555 "," 373,165,214.42 "," 5,117,186.74 "," 3,866.29 "," 281,945.07 "," 941,406.17 "," 745,257.01 ","596,205.61","1,925,253.47"," 291,379.02 "," 1,828,990.80 ",," 2,211,545.80 ",,,,,,
107,Columbia,TRUE,107,Columbia, 50.05 ," 213,495.71 ", 16.05 ," 38,406.61 ", 15.00 ," 32,772.60 ", -   , -   , -   , -   ," 284,674.92 "," 140,474 "," 164,935,843.66 "," 10,276,312.53 ", -   , -   ," 144,200.92 "," 201,950.76 ","161,560.61","329,305.70"," 7,078.89 "," 312,840.42 ",," 453,314.42 ",,,,,,
111,Concord,TRUE,111,Concord," 3,565.66 "," 15,209,802.30 "," 1,287.46 "," 3,080,781.13 ", 761.58 ," 1,663,940.93 ", 192.17 ," 159,950.85 ", 0.45 ," 1,919.54 "," 20,116,394.75 "," 7,130,812 "," 6,709,991,098.00 "," 5,211,818.45 "," 3,657.16 "," 4,708,429.89 "," 17,694,012.64 ", -   ,0.00,"18,364,996.00", -   ," 17,694,012.64 ",," 24,824,824.64 ",,,,,,
113,Conway,TRUE,113,Conway, 980.68 ," 4,183,207.79 ", 373.30 ," 893,283.98 ", 199.36 ," 435,578.00 ", 14.47 ," 12,046.75 ", 0.68 ," 2,879.31 "," 5,526,995.83 "," 3,567,733 "," 3,275,360,160.92 "," 8,774,001.38 ", -   , -   ," 1,959,262.83 "," 382,635.86 ","306,108.68","2,357,126.89", -   ," 2,265,371.51 ",," 5,833,104.51 ",,,,,,
115,Cornish,TRUE,115,Cornish, 166.85 ," 711,723.74 ", 22.83 ," 54,631.80 ", 25.46 ," 55,627.77 ", -   , -   , -   , -   ," 821,983.31 "," 359,660 "," 331,003,666.46 "," 14,498,246.50 ", -   , -   ," 462,323.31 "," 346,131.45 ","276,905.16","738,774.03", -   ," 739,228.47 ",," 1,098,888.47 ",,,,,,
117,Croydon,TRUE,117,Croydon, 75.60 ," 322,493.47 ", 22.04 ," 52,747.61 ", 20.17 ," 44,059.05 ", -   , -   , -   , -   ," 419,300.13 "," 177,557 "," 167,227,446.96 "," 7,586,350.75 ", -   , -   ," 241,743.13 "," 155,024.51 ","124,019.60","337,595.98", -   ," 365,762.73 ",," 543,319.73 ",,,,,,
119,Dalton,TRUE,119,Dalton, 86.15 ," 367,499.39 ", 51.90 ," 124,200.68 ", 24.72 ," 54,000.29 ", 6.00 ," 4,993.92 ", -   , -   ," 550,694.28 "," 174,143 "," 173,399,680.32 "," 3,340,815.44 "," 7,792.07 "," 404,435.04 "," 780,986.32 ", -   ,0.00,"781,932.62", -   ," 780,986.32 ",," 955,129.32 ",,,,,,
123,Danbury,TRUE,123,Danbury, 137.49 ," 586,469.19 ", 55.04 ," 131,707.75 ", 23.31 ," 50,918.79 ", 2.00 ," 1,664.64 ", -   , -   ," 770,760.37 "," 254,268 "," 231,624,909.91 "," 4,208,255.54 "," 5,875.03 "," 323,365.16 "," 839,857.53 "," 69,956.99 ","55,965.59","1,006,422.33"," 60,278.09 "," 956,101.21 ",," 1,210,369.21 ",,,,,,
125,Danville,TRUE,125,Danville, 567.22 ," 2,419,562.29 ", 87.52 ," 209,419.03 ", 136.48 ," 298,193.30 ", -   , -   , -   , -   ," 2,927,174.62 "," 921,222 "," 851,661,780.75 "," 9,731,486.90 ", -   , -   ," 2,005,952.62 "," 768,845.43 ","615,076.35","2,625,158.73", -   ," 2,621,028.97 ",," 3,542,250.97 ",,,,,,
127,Deerfield,TRUE,127,Deerfield, 668.28 ," 2,850,630.38 ", 64.99 ," 155,517.31 ", 148.67 ," 324,829.78 ", -   , -   , -   , -   ," 3,330,977.47 "," 1,256,168 "," 1,240,337,436.07 "," 19,084,874.37 ", -   , -   ," 2,074,809.47 "," 320,210.42 ","256,168.33","2,313,797.65", -   ," 2,330,977.80 ",," 3,587,145.80 ",,,,,,
129,Deering,TRUE,129,Deering, 178.41 ," 761,023.87 ", 63.84 ," 152,773.11 ", 37.20 ," 81,283.48 ", 1.00 , 832.32 , -   , -   ," 995,912.78 "," 421,826 "," 393,643,092.82 "," 6,165,721.54 "," 1,549.03 "," 98,895.95 "," 672,982.73 "," 123,157.52 ","98,526.02","814,228.23"," 2,008.07 "," 773,516.82 ",," 1,195,342.82 ",,,,,,
131,Derry,TRUE,131,Derry," 4,365.39 "," 18,621,182.20 "," 1,017.13 "," 2,433,907.61 ", 942.28 ," 2,058,740.43 ", 58.30 ," 48,525.17 ", -   , -   ," 23,162,355.41 "," 6,334,154 "," 5,728,761,997.52 "," 5,632,288.22 "," 2,727.92 "," 2,774,643.11 "," 19,602,844.52 "," 4,518,634.87 ","3,614,907.89","24,197,573.18", -   ," 23,217,752.41 ",," 29,551,906.41 ",,,,,,
133,Dix's Grant,TRUE,133,Dix's Grant, -   , -   , -   , -   , -   , -   , -   , -   , -   , -   , -   ," 1,519 "," 1,356,556.81 ", -   ,  , -   , -   , -   ,0.00,0.00, -   , -   ,," 1,519.00 ",,,,,,
134,Dixville,TRUE,134,Dixville, -   , -   , -   , -   , -   , -   , -   , -   , -   , -   , -   ," 11,493 "," 10,481,219.94 ", -   ,  , -   , -   , -   ,0.00,0.00, -   , -   ,," 11,493.00 ",,,,,,
139,Dorchester,TRUE,139,Dorchester, 28.87 ," 123,134.52 ", 13.87 ," 33,181.66 ", 6.73 ," 14,711.18 ", -   , -   , -   , -   ," 171,027.36 "," 79,926 "," 72,969,951.21 "," 5,262,281.40 "," 3,545.63 "," 49,165.87 "," 140,267.23 "," 125,501.42 ","100,401.14","265,800.67"," 11,842.27 "," 252,510.64 ",," 332,436.64 ",,,,,,
141,Dover,TRUE,141,Dover," 3,223.56 "," 13,750,527.71 ", 900.00 ," 2,153,624.65 ", 665.02 ," 1,452,957.93 ", 125.67 ," 104,595.32 ", 1.58 ," 6,756.77 "," 17,468,462.38 "," 7,348,968 "," 6,683,354,492.59 "," 7,425,960.99 ", -   , -   ," 10,119,494.38 ", -   ,0.00,"10,263,590.75", -   ," 10,119,494.38 ",," 17,468,462.38 ",,,,,,
143,Dublin,TRUE,143,Dublin, 129.60 ," 552,840.17 ", 31.49 ," 75,361.19 ", 22.87 ," 49,965.76 ", 0.82 , 685.75 , -   , -   ," 678,852.87 "," 525,642 "," 474,568,788.20 "," 15,068,833.10 ", -   , -   ," 153,210.87 "," 10,207.61 ","8,166.09","193,888.29"," 22,816.92 "," 184,193.88 ",," 709,835.88 ",,,,,,
147,Dummer,TRUE,147,Dummer, 30.14 ," 128,555.30 ", 9.42 ," 22,538.43 ", 5.73 ," 12,512.80 ", -   , -   , -   , -   ," 163,606.53 "," 75,938 "," 189,433,117.82 "," 20,112,234.87 ", -   , -   ," 87,668.53 "," 4,590.36 ","3,672.29","93,452.65", -   ," 91,340.82 ",," 167,278.82 ",,,,,,
149,Dunbarton,TRUE,149,Dunbarton, 464.66 ," 1,982,092.76 ", 25.12 ," 60,113.74 ", 73.80 ," 161,231.58 ", -   , -   , -   , -   ," 2,203,438.08 "," 708,177 "," 670,130,199.89 "," 26,675,564.75 ", -   , -   ," 1,495,261.08 ", -   ,0.00,"1,533,249.93", -   ," 1,495,261.08 ",," 2,203,438.08 ",,,,,,
151,Durham,TRUE,151,Durham, 865.11 ," 3,690,241.42 ", 47.66 ," 114,052.55 ", 129.92 ," 283,856.60 ", 22.12 ," 18,411.25 ", -   , -   ," 4,106,561.82 "," 2,181,076 "," 2,057,334,964.55 "," 43,164,646.52 ", -   , -   ," 1,925,485.82 ", -   ,0.00,"1,938,547.16", -   ," 1,925,485.82 ",," 4,106,561.82 ",,,,,,
153,East Kingston,TRUE,153,East Kingston, 274.16 ," 1,169,465.30 ", 21.81 ," 52,193.89 ", 71.10 ," 155,347.80 ", -   , -   , -   , -   ," 1,377,006.99 "," 608,589 "," 575,071,034.35 "," 26,365,134.21 ", -   , -   ," 768,417.99 ", 108.63 ,86.91,"767,918.80", -   ," 768,504.90 ",," 1,377,093.90 ",,,,,,
155,Easton,TRUE,155,Easton, 27.87 ," 118,895.76 ", 9.00 ," 21,536.28 ", 1.00 ," 2,184.84 ", -   , -   , -   , -   ," 142,616.88 "," 140,025 "," 126,869,962.88 "," 14,096,662.54 ", -   , -   ," 2,591.88 ", -   ,0.00,0.00, -   ," 2,591.88 ",," 142,616.88 ",,,,,,
159,Eaton,TRUE,159,Eaton, 34.44 ," 146,909.49 ", 5.46 ," 13,075.15 ", 7.00 ," 15,293.88 ", -   , -   , 0.38 ," 1,599.62 "," 176,878.14 "," 211,553 "," 191,047,826.16 "," 34,964,189.19 ", -   , -   , -   , -   ,0.00,0.00, -   , -   ,," 211,553.00 ",,,,,,
161,Effingham,TRUE,161,Effingham, 215.35 ," 918,620.08 ", 112.34 ," 268,810.82 ", 51.99 ," 113,586.99 ", -   , -   , -   , -   ," 1,301,017.89 "," 377,871 "," 342,756,715.10 "," 3,051,177.01 "," 8,432.17 "," 947,235.77 "," 1,870,382.66 ", -   ,0.00,"1,502,506.38", -   ," 1,870,382.66 ",," 2,248,253.66 ",,,,,,
162,Ellsworth,TRUE,162,Ellsworth, 11.00 ," 46,922.04 ", 5.00 ," 11,964.60 ", 1.00 ," 2,184.84 ", -   , -   , -   , -   ," 61,071.48 "," 34,505 "," 31,291,957.08 "," 6,258,391.42 "," 1,344.23 "," 6,721.15 "," 33,287.63 "," 34,762.35 ","27,809.88","60,372.35", -   ," 61,097.51 ",," 95,602.51 ",,,,,,
163,Enfield,TRUE,163,Enfield, 389.65 ," 1,662,112.60 ", 66.70 ," 159,615.66 ", 92.50 ," 202,097.70 ", 5.00 ," 4,161.60 ", -   , -   ," 2,027,987.56 "," 1,192,321 "," 1,078,474,140.99 "," 16,168,227.67 ", -   , -   ," 835,666.56 "," 71,881.59 ","57,505.28","900,220.20", -   ," 893,171.84 ",," 2,085,492.84 ",,,,,,
165,Epping,TRUE,165,Epping, 834.04 ," 3,557,697.32 ", 178.12 ," 426,235.29 ", 170.35 ," 372,194.27 ", 5.00 ," 4,161.60 ", -   , -   ," 4,360,288.48 "," 1,786,082 "," 1,620,148,020.13 "," 9,095,644.43 ", -   , -   ," 2,574,206.48 "," 668,108.83 ","534,487.06","3,072,405.88", -   ," 3,108,693.54 ",," 4,894,775.54 ",,,,,,
167,Epsom,TRUE,167,Epsom, 540.36 ," 2,304,994.45 ", 104.05 ," 248,986.20 ", 122.75 ," 268,179.93 ", 1.00 , 832.32 , -   , -   ," 2,822,992.90 "," 958,555 "," 867,850,190.39 "," 8,340,607.22 ", -   , -   ," 1,864,437.90 "," 748,132.98 ","598,506.39","2,452,045.71", -   ," 2,462,944.29 ",," 3,421,499.29 ",,,,,,
171,Errol,TRUE,171,Errol, 15.72 ," 67,072.50 ", 2.16 ," 5,167.51 ", 2.00 ," 4,369.68 ", -   , -   , -   , -   ," 76,609.69 "," 150,604 "," 145,246,333.98 "," 67,259,242.41 ", -   , -   , -   , -   ,0.00,0.00, -   , -   ,," 150,604.00 ",,,,,,
173,Exeter,TRUE,173,Exeter," 1,763.26 "," 7,521,439.21 ", 244.48 ," 585,021.32 ", 346.10 ," 756,180.99 ", 29.58 ," 24,620.77 ", 0.60 ," 2,559.38 "," 8,889,821.67 "," 4,067,838 "," 3,701,263,028.89 "," 15,139,322.30 ", -   , -   ," 4,821,983.67 ", -   ,0.00,"4,908,049.42", -   ," 4,821,983.67 ",," 8,889,821.67 ",,,,,,
175,Farmington,TRUE,175,Farmington, 706.59 ," 3,014,052.60 ", 291.76 ," 698,155.23 ", 166.11 ," 362,917.44 ", 6.40 ," 5,323.69 ", -   , -   ," 4,080,448.96 "," 1,080,183 "," 979,223,981.11 "," 3,356,280.31 "," 7,757.89 "," 2,263,433.33 "," 5,263,699.29 "," 1,287,773.37 ","1,030,218.70","6,475,382.98", -   ," 6,293,917.99 ",," 7,374,100.99 ",,,,,,
177,Fitzwilliam,TRUE,177,Fitzwilliam, 216.38 ," 923,002.60 ", 84.03 ," 201,079.46 ", 45.48 ," 99,365.43 ", 1.00 , 832.32 , -   , -   ," 1,224,279.81 "," 561,062 "," 581,041,228.99 "," 6,914,605.67 ", -   , -   ," 663,217.81 "," 189,638.51 ","151,710.81","819,151.16", -   ," 814,928.62 ",," 1,375,990.62 ",,,,,,
179,Francestown,TRUE,179,Francestown, 143.57 ," 612,422.20 ", 15.61 ," 37,348.70 ", 27.95 ," 61,075.67 ", 2.00 ," 1,664.64 ", -   , -   ," 712,511.21 "," 441,903 "," 399,588,379.94 "," 25,601,510.76 ", -   , -   ," 270,608.21 "," 189,825.68 ","151,860.54","404,455.92", -   ," 422,468.75 ",," 864,371.75 ",,,,,,
183,Franconia,TRUE,183,Franconia, 100.74 ," 429,709.48 ", 15.44 ," 36,940.70 ", 12.00 ," 26,218.08 ", -   , -   , -   , -   ," 492,868.26 "," 693,028 "," 625,768,508.35 "," 40,535,611.88 ", -   , -   , -   , -   ,0.00,0.00, -   , -   ,," 693,028.00 ",,,,,,
185,Franklin,TRUE,185,Franklin, 813.64 ," 3,470,691.92 ", 478.86 ," 1,145,867.93 ", 302.74 ," 661,443.92 ", 4.40 ," 3,665.29 ", -   , -   ," 5,281,669.06 "," 1,256,643 "," 1,244,130,438.42 "," 2,598,121.94 "," 9,433.42 "," 4,517,267.21 "," 8,542,293.27 "," 665,653.18 ","532,522.54","9,368,124.24", -   ," 9,074,815.81 ",," 10,331,458.81 ",,,,,,
187,Freedom,TRUE,187,Freedom, 96.72 ," 412,566.73 ", 40.72 ," 97,445.45 ", 27.88 ," 60,903.73 ", 1.00 , 832.32 , -   , -   ," 571,748.23 "," 1,283,652 "," 1,154,062,798.09 "," 28,339,754.00 ", -   , -   , -   , -   ,0.00,0.00, -   , -   ,," 1,283,652.00 ",,,,,,
189,Fremont,TRUE,189,Fremont, 468.50 ," 1,998,453.62 ", 70.29 ," 168,193.32 ", 90.44 ," 197,605.45 ", -   , -   , -   , -   ," 2,364,252.39 "," 975,181 "," 881,182,921.89 "," 12,536,765.53 ", -   , -   ," 1,389,071.39 ", -   ,0.00,"1,396,111.47", -   ," 1,389,071.39 ",," 2,364,252.39 ",,,,,,
191,Gilford,TRUE,191,Gilford, 861.44 ," 3,674,608.70 ", 134.11 ," 320,908.52 ", 121.18 ," 264,754.98 ", 3.00 ," 2,496.96 ", -   , -   ," 4,262,769.16 "," 4,069,063 "," 3,658,005,112.25 "," 27,276,663.22 ", -   , -   ," 193,706.16 ", -   ,0.00,"206,982.67"," 2,927.38 "," 196,633.54 ",," 4,265,696.54 ",,,,,,
195,Gilmanton,TRUE,195,Gilmanton, 517.04 ," 2,205,494.56 ", 96.95 ," 231,997.42 ", 60.09 ," 131,292.50 ", -   , -   , -   , -   ," 2,568,784.48 "," 1,067,325 "," 962,540,312.67 "," 9,928,049.80 ", -   , -   ," 1,501,459.48 ", -   ,0.00,"1,507,741.52", -   ," 1,501,459.48 ",," 2,568,784.48 ",,,,,,
197,Gilsum,TRUE,197,Gilsum, 71.05 ," 303,057.94 ", 30.00 ," 71,788.32 ", 14.05 ," 30,688.26 ", 1.00 , 832.32 , -   , -   ," 406,366.84 "," 119,303 "," 110,219,611.71 "," 3,673,950.32 "," 7,055.84 "," 211,677.44 "," 498,741.28 ", -   ,0.00,"606,127.56"," 77,079.90 "," 575,821.18 ",," 695,124.18 ",,,,,,
199,Goffstown,TRUE,199,Goffstown," 2,157.07 "," 9,201,279.81 ", 330.32 ," 790,441.06 ", 478.29 ," 1,044,979.70 ", 27.53 ," 22,916.77 ", 1.23 ," 5,246.74 "," 11,064,864.08 "," 3,125,354 "," 2,913,056,061.35 "," 8,818,760.14 ", -   , -   ," 7,939,510.08 "," 190,822.82 ","152,658.26","8,127,892.37", -   ," 8,092,168.34 ",," 11,217,522.34 ",,,,,,
201,Gorham,TRUE,201,Gorham, 300.98 ," 1,283,874.03 ", 87.89 ," 210,312.06 ", 67.85 ," 148,230.69 ", 3.06 ," 2,550.56 ", -   , -   ," 1,644,967.34 "," 413,492 "," 455,407,907.14 "," 5,181,608.08 "," 3,723.92 "," 327,292.77 "," 1,558,768.11 "," 646,353.01 ","517,082.41","2,123,385.74", -   ," 2,075,850.52 ",," 2,489,342.52 ",,,,,,
203,Goshen,TRUE,203,Goshen, 71.31 ," 304,163.59 ", 21.68 ," 51,869.65 ", 8.60 ," 18,797.27 ", 1.00 , 832.32 , -   , -   ," 375,662.83 "," 160,018 "," 146,301,763.09 "," 6,749,388.18 ", 259.13 ," 5,616.90 "," 221,261.73 ", -   ,0.00,"374,573.69"," 134,583.28 "," 355,845.01 ",," 515,863.01 ",,,,,,
209,Grafton,TRUE,209,Grafton, 136.13 ," 580,696.08 ", 58.54 ," 140,092.07 ", 38.29 ," 83,667.36 ", -   , -   , -   , -   ," 804,455.51 "," 254,412 "," 231,032,727.33 "," 3,946,282.26 "," 6,453.99 "," 377,845.01 "," 927,888.52 ", -   ,0.00,"1,020,448.81"," 41,537.85 "," 969,426.37 ",," 1,223,838.37 ",,,,,,
211,Grantham,TRUE,211,Grantham, 410.46 ," 1,750,872.46 ", 16.94 ," 40,531.04 ", 50.29 ," 109,865.99 ", 4.40 ," 3,662.21 ", -   , -   ," 1,904,931.70 "," 1,072,101 "," 971,372,470.76 "," 57,349,049.81 ", -   , -   ," 832,830.70 ", -   ,0.00,"854,957.82", -   ," 832,830.70 ",," 1,904,931.70 ",,,,,,
213,Greenfield,TRUE,213,Greenfield, 182.90 ," 780,178.73 ", 37.14 ," 88,866.35 ", 48.42 ," 105,797.82 ", 1.00 , 832.32 , -   , -   ," 975,675.22 "," 344,267 "," 312,918,973.34 "," 8,426,024.94 ", -   , -   ," 631,408.22 "," 362,135.84 ","289,708.67","892,376.53", -   ," 921,116.89 ",," 1,265,383.89 ",,,,,,
215,Greenland,TRUE,215,Greenland, 520.80 ," 2,221,566.21 ", 22.70 ," 54,321.20 ", 87.90 ," 192,041.10 ", 2.00 ," 1,664.64 ", -   , -   ," 2,469,593.15 "," 1,587,207 "," 1,453,811,387.18 "," 64,042,297.50 ", -   , -   ," 882,386.15 ", -   ,0.00,"846,854.37", -   ," 882,386.15 ",," 2,469,593.15 ",,,,,,
219,Greenville,TRUE,219,Greenville, 235.99 ," 1,006,664.59 ", 114.97 ," 275,113.53 ", 60.38 ," 131,919.98 ", 3.00 ," 2,496.96 ", -   , -   ," 1,416,195.06 "," 243,918 "," 225,274,335.31 "," 1,959,421.82 "," 10,844.95 "," 1,246,841.98 "," 2,419,119.04 "," 333,786.91 ","267,029.53","2,466,225.05", -   ," 2,686,148.57 ",," 2,930,066.57 ",,,,,,
221,Groton,TRUE,221,Groton, 41.20 ," 175,744.37 ", 17.60 ," 42,115.39 ", 7.00 ," 15,293.88 ", -   , -   , -   , -   ," 233,153.64 "," 128,951 "," 223,279,214.78 "," 12,686,319.02 ", -   , -   ," 104,202.64 "," 182,713.82 ","146,171.06","238,386.14", -   ," 250,373.70 ",," 379,324.70 ",,,,,,
222,Hale's Location,TRUE,222,Hale's Location, 2.00 ," 8,531.28 ", -   , -   , -   , -   , -   , -   , -   , -   ," 8,531.28 "," 131,844 "," 118,272,019.03 ", -   ,  , -   , -   , -   ,0.00,0.00, -   , -   ,," 131,844.00 ",,,,,,
223,Hampstead,TRUE,223,Hampstead," 1,125.19 "," 4,799,644.38 ", 108.46 ," 259,536.34 ", 263.11 ," 574,860.03 ", 10.00 ," 8,323.20 ", -   , -   ," 5,642,363.95 "," 2,357,569 "," 2,122,559,793.01 "," 19,569,959.76 ", -   , -   ," 3,284,794.95 ", -   ,0.00,"3,241,449.94", -   ," 3,284,794.95 ",," 5,642,363.95 ",,,,,,
225,Hampton,TRUE,225,Hampton," 1,366.20 "," 5,827,701.16 ", 239.68 ," 573,526.93 ", 243.74 ," 532,537.05 ", 43.26 ," 36,008.99 ", 0.60 ," 2,559.38 "," 6,972,333.51 "," 6,813,213 "," 6,360,222,126.22 "," 26,536,683.71 ", -   , -   ," 159,120.51 ", -   ,0.00,"205,241.25"," 35,858.67 "," 194,979.18 ",," 7,008,192.18 ",,,,,,
227,Hampton Falls,TRUE,227,Hampton Falls, 274.74 ," 1,171,924.02 ", 15.98 ," 38,233.36 ", 62.47 ," 136,483.46 ", -   , -   , -   , -   ," 1,346,640.84 "," 992,290 "," 896,190,140.20 "," 56,090,059.28 ", -   , -   ," 354,350.84 ", -   ,0.00,"361,899.99", -   ," 354,350.84 ",," 1,346,640.84 ",,,,,,
231,Hancock,TRUE,231,Hancock, 151.66 ," 646,947.44 ", 36.06 ," 86,294.68 ", 37.60 ," 82,155.01 ", -   , -   , -   , -   ," 815,397.13 "," 463,417 "," 424,837,131.32 "," 11,780,579.03 ", -   , -   ," 351,980.13 "," 99,442.48 ","79,553.98","399,373.49", -   ," 431,534.11 ",," 894,951.11 ",,,,,,
233,Hanover,TRUE,233,Hanover," 1,098.59 "," 4,686,181.77 ", 42.47 ," 101,632.58 ", 140.92 ," 307,895.30 ", 36.65 ," 30,506.03 ", -   , -   ," 5,126,215.68 "," 4,394,500 "," 3,948,130,443.78 "," 92,957,992.38 ", -   , -   ," 731,715.68 "," 54,030.67 ","43,224.54","741,013.84", -   ," 774,940.22 ",," 5,169,440.22 ",,,,,,
235,Harrisville,TRUE,235,Harrisville, 76.01 ," 324,236.42 ", 11.00 ," 26,322.12 ", 16.00 ," 34,957.44 ", -   , -   , -   , -   ," 385,515.98 "," 376,054 "," 338,984,494.99 "," 30,816,772.27 ", -   , -   ," 9,461.98 ", -   ,0.00,0.00, -   ," 9,461.98 ",," 385,515.98 ",,,,,,
236,Hart's Location,TRUE,236,Hart's Location, 1.00 ," 4,265.64 ", -   , -   , -   , -   , -   , -   , -   , -   ," 4,265.64 "," 26,614 "," 24,537,685.18 ", -   ,  , -   , -   , -   ,0.00,0.00, -   , -   ,," 26,614.00 ",,,,,,
238,Haverhill,TRUE,238,Haverhill, 504.00 ," 2,149,879.57 ", 162.18 ," 388,075.63 ", 106.33 ," 232,303.99 ", 9.00 ," 7,490.88 ", -   , -   ," 2,777,750.07 "," 751,459 "," 711,242,643.37 "," 4,385,605.84 "," 5,483.09 "," 889,228.16 "," 2,915,519.23 "," 1,225,733.97 ","980,587.17","4,284,781.60"," 174,436.12 "," 4,070,542.52 ",," 4,822,001.52 ",,,,,,
243,Hebron,TRUE,243,Hebron, 49.00 ," 209,016.36 ", 13.00 ," 31,107.96 ", 10.00 ," 21,848.40 ", -   , -   , -   , -   ," 261,972.72 "," 635,781 "," 576,237,764.42 "," 44,325,981.88 ", -   , -   , -   , -   ,0.00,0.00, -   , -   ,," 635,781.00 ",,,,,,
245,Henniker,TRUE,245,Henniker, 577.26 ," 2,462,399.56 ", 125.16 ," 299,490.21 ", 125.12 ," 273,363.25 ", 3.20 ," 2,665.59 ", -   , -   ," 3,037,918.61 "," 895,030 "," 813,163,930.40 "," 6,497,161.40 ", 816.55 ," 102,196.50 "," 2,245,085.11 "," 654,852.22 ","523,881.78","2,621,362.12", -   ," 2,768,966.89 ",," 3,663,996.89 ",,,,,,
247,Hill,TRUE,247,Hill, 107.40 ," 458,145.09 ", 41.02 ," 98,165.95 ", 14.55 ," 31,784.62 ", -   , -   , -   , -   ," 588,095.66 "," 197,377 "," 182,117,001.98 "," 4,439,333.60 "," 5,364.35 "," 220,064.29 "," 610,782.95 ", -   ,0.00,"650,473.40"," 7,166.78 "," 617,949.73 ",," 815,326.73 ",,,,,,
249,Hillsboro,TRUE,249,Hillsboro, 684.35 ," 2,919,186.47 ", 290.14 ," 694,269.84 ", 173.92 ," 379,993.05 ", 7.25 ," 6,034.40 ", 0.26 ," 1,119.73 "," 4,000,603.49 "," 1,070,526 "," 1,011,875,478.66 "," 3,487,602.25 "," 7,467.67 "," 2,166,633.43 "," 5,096,710.92 "," 395,287.96 ","316,230.36","5,610,067.24", -   ," 5,412,941.28 ",," 6,483,467.28 ",,,,,,
255,Hinsdale,TRUE,255,Hinsdale, 499.29 ," 2,129,796.94 ", 256.06 ," 612,728.22 ", 128.96 ," 281,760.24 ", 3.47 ," 2,885.40 ", -   , -   ," 3,027,170.80 "," 444,716 "," 535,018,524.61 "," 2,089,436.19 "," 10,557.62 "," 2,703,371.61 "," 5,285,826.41 "," 517,726.36 ","414,181.08","5,259,321.49", -   ," 5,700,007.49 ",," 6,144,723.49 ",,,,,,
257,Holderness,TRUE,257,Holderness, 218.71 ," 932,918.93 ", 42.49 ," 101,678.28 ", 29.80 ," 65,108.23 ", 4.00 ," 3,329.28 ", -   , -   ," 1,103,034.72 "," 1,550,404 "," 1,422,284,631.28 "," 33,472,372.73 ", -   , -   , -   , -   ,0.00,0.00, -   , -   ,," 1,550,404.00 ",,,,,,
259,Hollis,TRUE,259,Hollis," 1,247.32 "," 5,320,623.63 ", 43.21 ," 103,392.33 ", 185.20 ," 404,627.56 ", 26.88 ," 22,375.51 ", 0.15 , 639.85 ," 5,851,658.88 "," 2,787,302 "," 2,510,457,024.04 "," 58,102,209.43 ", -   , -   ," 3,064,356.88 ", -   ,0.00,"3,084,581.70", -   ," 3,064,356.88 ",," 5,851,658.88 ",,,,,,
261,Hooksett,TRUE,261,Hooksett," 1,868.60 "," 7,970,756.56 ", 283.30 ," 677,922.85 ", 388.03 ," 847,778.66 ", 58.98 ," 49,089.32 ", -   , -   ," 9,545,547.39 "," 3,569,648 "," 3,302,845,391.03 "," 11,658,324.82 ", -   , -   ," 5,975,899.39 ", -   ,0.00,"5,986,805.01", -   ," 5,975,899.39 ",," 9,545,547.39 ",,,,,,
263,Hopkinton,TRUE,263,Hopkinton, 899.37 ," 3,836,389.07 ", 78.04 ," 186,744.43 ", 179.97 ," 393,206.09 ", -   , -   , 0.60 ," 2,559.38 "," 4,418,898.97 "," 1,420,729 "," 1,308,589,819.12 "," 16,768,107.53 ", -   , -   ," 2,998,169.97 ", -   ,0.00,"2,969,816.91", -   ," 2,998,169.97 ",," 4,418,898.97 ",,,,,,
267,Hudson,TRUE,267,Hudson," 2,824.42 "," 12,047,946.99 ", 545.18 ," 1,304,574.76 ", 484.39 ," 1,058,310.06 ", 67.71 ," 56,356.05 ", 0.45 ," 1,919.54 "," 14,469,107.40 "," 6,167,164 "," 5,722,184,640.74 "," 10,495,933.63 ", -   , -   ," 8,301,943.40 ", -   ,0.00,"8,302,587.34", -   ," 8,301,943.40 ",," 14,469,107.40 ",,,,,,
271,Jackson,TRUE,271,Jackson, 63.94 ," 272,756.11 ", 11.96 ," 28,611.91 ", 18.63 ," 40,711.43 ", 2.00 ," 1,664.64 ", 0.15 , 639.85 ," 344,383.94 "," 901,559 "," 809,929,413.55 "," 67,737,407.99 ", -   , -   , -   , -   ,0.00,0.00, -   , -   ,," 901,559.00 ",,,,,,
273,Jaffrey,TRUE,273,Jaffrey, 586.25 ," 2,500,719.08 ", 199.86 ," 478,258.80 ", 132.78 ," 290,096.72 ", -   , -   , 0.60 ," 2,559.38 "," 3,271,633.98 "," 1,079,432 "," 980,178,824.77 "," 4,904,226.55 "," 4,336.93 "," 866,797.36 "," 3,058,999.34 "," 32,579.46 ","26,063.57","3,117,944.51", -   ," 3,085,062.91 ",," 4,164,494.91 ",,,,,,
275,Jefferson,TRUE,275,Jefferson, 83.55 ," 356,398.91 ", 36.18 ," 86,566.51 ", 13.62 ," 29,749.66 ", -   , -   , -   , -   ," 472,715.08 "," 263,185 "," 248,392,433.57 "," 6,866,202.65 ", 0.97 , 34.97 ," 209,565.05 "," 26,482.97 ","21,186.38","280,279.76"," 35,514.34 "," 266,265.77 ",," 529,450.77 ",,,,,,
279,Keene,TRUE,279,Keene," 2,227.62 "," 9,502,227.11 ", 867.52 ," 2,075,901.89 ", 514.23 ," 1,123,506.12 ", 69.38 ," 57,747.78 ", 2.55 ," 10,877.38 "," 12,770,260.28 "," 3,362,653 "," 3,158,132,310.64 "," 3,640,421.55 "," 7,129.94 "," 6,185,355.84 "," 15,592,963.12 ", -   ,0.00,"15,566,992.15", -   ," 15,592,963.12 ",," 18,955,616.12 ",,,,,,
281,Kensington,TRUE,281,Kensington, 283.36 ," 1,208,732.65 ", 17.00 ," 40,679.64 ", 52.11 ," 113,857.26 ", -   , -   , -   , -   ," 1,363,269.55 "," 737,375 "," 678,222,868.75 "," 39,895,462.87 ", -   , -   ," 625,894.55 ", -   ,0.00,"686,357.83"," 26,145.39 "," 652,039.94 ",," 1,389,414.94 ",,,,,,
283,Kingston,TRUE,283,Kingston, 559.21 ," 2,385,374.04 ", 62.60 ," 149,794.64 ", 136.67 ," 298,594.00 ", 8.00 ," 6,658.56 ", -   , -   ," 2,840,421.24 "," 1,549,309 "," 1,449,284,137.89 "," 23,151,836.65 ", -   , -   ," 1,291,112.24 ", -   ,0.00,"1,407,048.49"," 45,583.83 "," 1,336,696.07 ",," 2,886,005.07 ",,,,,,
285,Laconia,TRUE,285,Laconia," 1,748.50 "," 7,458,464.29 ", 819.95 ," 1,962,081.69 ", 397.06 ," 867,516.72 ", 26.59 ," 22,134.05 ", 0.45 ," 1,919.54 "," 10,312,116.29 "," 5,245,323 "," 4,763,493,256.08 "," 5,809,471.81 "," 2,336.34 "," 1,915,690.16 "," 6,982,483.45 ", -   ,0.00,"7,411,260.82"," 58,214.33 "," 7,040,697.78 ",," 12,286,020.78 ",,,,,,
287,Lancaster,TRUE,287,Lancaster, 365.94 ," 1,560,987.92 ", 149.38 ," 357,452.24 ", 116.64 ," 254,832.96 ", 4.00 ," 3,329.28 ", -   , -   ," 2,176,602.40 "," 485,314 "," 459,958,050.99 "," 3,079,132.56 "," 8,370.39 "," 1,250,361.54 "," 2,941,649.94 "," 805,108.08 ","644,086.46","3,733,209.08", -   ," 3,585,736.40 ",," 4,071,050.40 ",,,,,,
291,Landaff,TRUE,291,Landaff, 39.17 ," 167,068.91 ", 10.40 ," 24,878.47 ", 5.21 ," 11,373.40 ", 1.00 , 832.32 , -   , -   ," 204,153.10 "," 151,142 "," 138,180,339.86 "," 13,290,788.41 ", -   , -   ," 53,011.10 "," 41,506.77 ","33,205.42","85,669.70", -   ," 86,216.52 ",," 237,358.52 ",,,,,,
293,Langdon,TRUE,293,Langdon, 66.40 ," 283,223.57 ", 21.90 ," 52,403.27 ", 13.94 ," 30,465.63 ", -   , -   , -   , -   ," 366,092.47 "," 123,280 "," 114,672,616.08 "," 5,236,359.89 "," 3,602.92 "," 78,901.41 "," 321,713.88 "," 56,761.14 ","45,408.92","318,459.04", -   ," 367,122.80 ",," 490,402.80 ",,,,,,
295,Lebanon,TRUE,295,Lebanon," 1,299.33 "," 5,542,478.29 ", 360.48 ," 862,597.17 ", 244.72 ," 534,666.83 ", 51.09 ," 42,524.48 ", 0.30 ," 1,279.69 "," 6,983,546.46 "," 3,835,681 "," 3,574,473,518.23 "," 9,915,902.20 ", -   , -   ," 3,147,865.46 "," 382,399.62 ","305,919.70","3,413,667.49", -   ," 3,453,785.16 ",," 7,289,466.16 ",,,,,,
297,Lee,TRUE,297,Lee, 697.44 ," 2,975,015.16 ", 88.58 ," 211,964.85 ", 121.16 ," 264,710.84 ", 12.01 ," 9,995.25 ", 0.15 , 639.85 ," 3,462,325.95 "," 1,141,463 "," 1,037,459,517.34 "," 11,712,119.18 ", -   , -   ," 2,320,862.95 "," 532,931.89 ","426,345.51","2,756,765.16", -   ," 2,747,208.46 ",," 3,888,671.46 ",,,,,,
299,Lempster,TRUE,299,Lempster, 160.45 ," 684,403.17 ", 65.34 ," 156,357.94 ", 32.78 ," 71,617.96 ", -   , -   , -   , -   ," 912,379.07 "," 238,305 "," 257,777,317.33 "," 3,945,053.90 "," 6,456.71 "," 421,893.39 "," 1,095,967.46 "," 68,931.35 ","55,145.08","1,059,350.47", -   ," 1,151,112.54 ",," 1,389,417.54 ",,,,,,
303,Lincoln,TRUE,303,Lincoln, 111.90 ," 477,340.47 ", 35.56 ," 85,086.97 ", 25.57 ," 55,856.75 ", 4.00 ," 3,329.28 ", -   , -   ," 621,613.47 "," 2,256,065 "," 2,032,460,847.57 "," 57,159,353.15 ", -   , -   , -   , -   ,0.00,0.00, -   , -   ,," 2,256,065.00 ",,,,,,
311,Lisbon,TRUE,311,Lisbon, 173.13 ," 738,523.90 ", 83.31 ," 199,349.62 ", 53.64 ," 117,190.45 ", 2.59 ," 2,152.96 ", -   , -   ," 1,057,216.93 "," 243,114 "," 225,214,797.32 "," 2,703,396.16 "," 9,200.77 "," 766,498.58 "," 1,580,601.51 "," 59,833.62 ","47,866.90","1,655,299.53", -   ," 1,628,468.41 ",," 1,871,582.41 ",,,,,,
315,Litchfield,TRUE,315,Litchfield," 1,078.81 "," 4,601,803.57 ", 163.70 ," 391,714.78 ", 211.70 ," 462,535.22 ", 11.07 ," 9,211.87 ", -   , -   ," 5,465,265.44 "," 1,836,098 "," 1,711,261,208.17 "," 10,453,808.11 ", -   , -   ," 3,629,167.44 "," 1,922,948.73 ","1,538,358.99","5,191,074.20", -   ," 5,167,526.43 ",," 7,003,624.43 ",,,,,,
317,Littleton,TRUE,317,Littleton, 565.83 ," 2,413,619.40 ", 324.43 ," 776,323.79 ", 123.83 ," 270,541.31 ", 17.49 ," 14,558.61 ", 0.30 ," 1,279.69 "," 3,476,322.80 "," 1,225,747 "," 1,540,639,977.42 "," 4,748,828.09 "," 4,680.36 "," 1,518,428.60 "," 3,769,004.40 "," 653,174.79 ","522,539.84","4,155,831.18", -   ," 4,291,544.24 ",," 5,517,291.24 ",,,,,,
319,Londonderry,TRUE,319,Londonderry," 3,618.78 "," 15,436,408.88 ", 517.52 ," 1,238,375.10 ", 744.78 ," 1,627,215.74 ", 26.53 ," 22,084.78 ", -   , -   ," 18,324,084.50 "," 7,179,642 "," 7,091,917,873.72 "," 13,703,757.49 ", -   , -   ," 11,144,442.50 "," 1,291,794.52 ","1,033,435.61","12,193,579.13", -   ," 12,177,878.11 ",," 19,357,520.11 ",,,,,,
321,Loudon,TRUE,321,Loudon, 577.67 ," 2,464,138.23 ", 137.05 ," 327,943.94 ", 134.30 ," 293,427.07 ", 0.70 , 583.12 , -   , -   ," 3,086,092.36 "," 1,102,176 "," 1,011,479,599.00 "," 7,380,498.45 ", -   , -   ," 1,983,916.36 "," 599,109.11 ","479,287.29","2,454,514.11", -   ," 2,463,203.65 ",," 3,565,379.65 ",,,,,,
323,Lyman,TRUE,323,Lyman, 37.00 ," 157,828.68 ", 4.00 ," 9,571.68 ", 4.00 ," 8,739.36 ", -   , -   , -   , -   ," 176,139.72 "," 138,105 "," 127,325,795.04 "," 31,831,448.76 ", -   , -   ," 38,034.72 "," 95,079.15 ","76,063.32","114,156.01", -   ," 114,098.04 ",," 252,203.04 ",,,,,,
327,Lyme,TRUE,327,Lyme, 269.80 ," 1,150,872.23 ", 12.43 ," 29,738.25 ", 39.00 ," 85,208.76 ", -   , -   , 0.15 , 639.85 ," 1,266,459.09 "," 697,467 "," 630,970,109.95 "," 50,771,678.36 ", -   , -   ," 568,992.09 ", -   ,0.00,"597,354.91", -   ," 568,992.09 ",," 1,266,459.09 ",,,,,,
329,Lyndeborough,TRUE,329,Lyndeborough, 143.88 ," 613,740.28 ", 35.89 ," 85,890.27 ", 29.19 ," 63,766.30 ", -   , -   , -   , -   ," 763,396.85 "," 361,579 "," 327,083,007.20 "," 9,112,597.19 ", -   , -   ," 401,817.85 "," 47,469.44 ","37,975.55","419,185.88", -   ," 439,793.40 ",," 801,372.40 ",,,,,,
331,Madbury,TRUE,331,Madbury, 331.79 ," 1,415,314.61 ", 28.08 ," 67,194.39 ", 72.60 ," 158,629.87 ", 3.00 ," 2,496.96 ", -   , -   ," 1,643,635.83 "," 485,067 "," 464,778,710.67 "," 16,551,653.66 ", -   , -   ," 1,158,568.83 "," 91,904.38 ","73,523.50","1,224,076.17", -   ," 1,232,092.33 ",," 1,717,159.33 ",,,,,,
333,Madison,TRUE,333,Madison, 209.60 ," 894,084.54 ", 76.17 ," 182,272.31 ", 42.06 ," 91,884.76 ", 2.00 ," 1,664.64 ", -   , -   ," 1,169,906.25 "," 1,141,597 "," 1,036,958,674.06 "," 13,613,473.20 ", -   , -   ," 28,309.25 "," 358,682.40 ","286,945.92","316,876.88", -   ," 315,255.17 ",," 1,456,852.17 ",,,,,,
335,Manchester,TRUE,335,Manchester," 11,529.30 "," 49,179,836.00 "," 6,279.96 "," 15,027,435.90 "," 2,661.20 "," 5,814,306.70 "," 2,136.81 "," 1,778,509.78 ", -   , -   ," 71,800,088.38 "," 19,626,112 "," 18,025,313,533.17 "," 2,870,292.28 "," 8,831.93 "," 55,464,135.38 "," 107,638,111.76 ", -   ,0.00,"108,192,796.41", -   ," 107,638,111.76 ",," 127,264,223.76 ",,,,,,
339,Marlborough,TRUE,339,Marlborough, 215.80 ," 920,517.01 ", 81.40 ," 194,781.77 ", 51.27 ," 112,017.18 ", -   , -   , -   , -   ," 1,227,315.96 "," 320,747 "," 294,902,691.68 "," 3,622,918.80 "," 7,168.62 "," 583,520.25 "," 1,490,089.21 "," 38,804.14 ","31,043.32","1,552,452.23", -   ," 1,521,132.53 ",," 1,841,879.53 ",,,,,,
341,Marlow,TRUE,341,Marlow, 83.49 ," 356,151.51 ", 30.39 ," 72,713.66 ", 19.43 ," 42,443.79 ", -   , -   , -   , -   ," 471,308.96 "," 137,036 "," 124,626,623.42 "," 4,101,313.83 "," 6,111.37 "," 185,706.23 "," 519,979.19 "," 213,249.14 ","170,599.31","713,508.06", -   ," 690,578.50 ",," 827,614.50 ",,,,,,
344,Martin's Location,TRUE,344,Martin's Location, -   , -   , -   , -   , -   , -   , -   , -   , -   , -   , -   , 75 ," 570,265.00 ", -   ,  , -   , -   , -   ,0.00,0.00, -   , -   ,, 75.00 ,,,,,,
345,Mason,TRUE,345,Mason, 154.01 ," 656,952.07 ", 23.93 ," 57,268.32 ", 22.02 ," 48,103.84 ", -   , -   , -   , -   ," 762,324.23 "," 341,707 "," 313,636,696.97 "," 13,105,108.43 ", -   , -   ," 420,617.23 ", -   ,0.00,"423,705.80", -   ," 420,617.23 ",," 762,324.23 ",,,,,,
347,Meredith,TRUE,347,Meredith, 623.48 ," 2,659,519.90 ", 216.21 ," 517,366.53 ", 135.49 ," 296,013.70 ", 5.69 ," 4,739.56 ", -   , -   ," 3,477,639.69 "," 4,700,502 "," 4,218,151,736.12 "," 19,509,765.34 ", -   , -   , -   , -   ,0.00,0.00, -   , -   ,," 4,700,502.00 ",,,,,,
351,Merrimack,TRUE,351,Merrimack," 3,348.61 "," 14,283,948.98 ", 441.21 ," 1,055,789.09 ", 696.21 ," 1,521,114.88 ", 92.48 ," 76,975.78 ", 1.13 ," 4,798.85 "," 16,942,627.58 "," 6,986,042 "," 6,454,050,825.24 "," 14,627,947.47 ", -   , -   ," 9,956,585.58 ", -   ,0.00,"9,927,463.04", -   ," 9,956,585.58 ",," 16,942,627.58 ",,,,,,
353,Middleton,TRUE,353,Middleton, 260.53 ," 1,111,306.71 ", 92.69 ," 221,790.42 ", 51.85 ," 113,294.44 ", 3.00 ," 2,496.96 ", -   , -   ," 1,448,888.53 "," 404,724 "," 366,905,001.65 "," 3,958,576.33 "," 6,426.82 "," 595,676.95 "," 1,639,841.48 "," 187,057.87 ","149,646.29","1,591,964.03", -   ," 1,789,487.77 ",," 2,194,211.77 ",,,,,,
355,Milan,TRUE,355,Milan, 154.50 ," 659,028.16 ", 51.40 ," 122,985.80 ", 20.53 ," 44,849.52 ", 2.00 ," 1,664.64 ", -   , -   ," 828,528.12 "," 223,047 "," 225,711,220.03 "," 4,391,636.27 "," 5,469.76 "," 281,122.05 "," 886,603.17 "," 572,572.33 ","458,057.86","1,302,367.19", -   ," 1,344,661.03 ",," 1,567,708.03 ",,,,,,
357,Milford,TRUE,357,Milford," 1,851.78 "," 7,899,007.64 ", 376.36 ," 900,602.96 ", 378.37 ," 826,688.40 ", 48.95 ," 40,742.56 ", 2.70 ," 11,517.23 "," 9,678,558.79 "," 3,091,424 "," 2,810,231,950.26 "," 7,466,842.25 ", -   , -   ," 6,587,134.79 "," 1,250,316.01 ","1,000,252.81","7,534,312.17", -   ," 7,587,387.60 ",," 10,678,811.60 ",,,,,,
358,Millsfield,TRUE,358,Millsfield, 2.00 ," 8,531.28 ", -   , -   , -   , -   , -   , -   , -   , -   ," 8,531.28 "," 13,261 "," 11,937,255.32 ", -   ,  , -   , -   , -   ,0.00,0.00, -   , -   ,," 13,261.00 ",,,,,,
359,Milton,TRUE,359,Milton, 492.84 ," 2,102,285.27 ", 226.88 ," 542,893.73 ", 120.76 ," 263,848.27 ", 6.00 ," 4,993.92 ", -   , -   ," 2,914,021.19 "," 927,145 "," 852,136,941.83 "," 3,755,975.50 "," 6,874.57 "," 1,559,667.74 "," 3,546,543.93 "," 115,071.91 ","92,057.53","3,534,044.57", -   ," 3,638,601.46 ",," 4,565,746.46 ",,,,,,
365,Monroe,TRUE,365,Monroe, 128.64 ," 548,737.47 ", 22.58 ," 54,021.13 ", 30.54 ," 66,721.74 ", -   , -   , -   , -   ," 669,480.34 "," 153,473 "," 562,481,125.71 "," 24,915,665.98 ", -   , -   ," 516,007.34 "," 25,689.29 ","20,551.44","536,668.04", -   ," 536,558.78 ",," 690,031.78 ",,,,,,
367,Mont Vernon,TRUE,367,Mont Vernon, 421.14 ," 1,796,431.20 ", 43.52 ," 104,144.19 ", 84.42 ," 184,442.66 ", 1.17 , 969.99 , -   , -   ," 2,085,988.04 "," 613,220 "," 553,920,528.18 "," 12,727,426.90 ", -   , -   ," 1,472,768.04 "," 36,554.18 ","29,243.35","1,447,680.22", -   ," 1,502,011.39 ",," 2,115,231.39 ",,,,,,
369,Moultonborough,TRUE,369,Moultonborough, 426.88 ," 1,820,921.95 ", 98.21 ," 235,002.45 ", 91.38 ," 199,644.34 ", 9.87 ," 8,211.34 ", 0.30 ," 1,279.69 "," 2,265,059.77 "," 7,151,245 "," 6,422,469,185.32 "," 65,396,998.45 ", -   , -   , -   , -   ,0.00,0.00, -   , -   ,," 7,151,245.00 ",,,,,,
371,Nashua,TRUE,371,Nashua," 9,462.57 "," 40,363,911.55 "," 4,381.24 "," 10,483,962.80 "," 2,054.87 "," 4,489,560.64 "," 1,638.83 "," 1,364,027.99 ", 1.77 ," 7,562.98 "," 56,709,025.96 "," 18,542,760 "," 17,065,655,318.93 "," 3,895,163.37 "," 6,566.96 "," 28,771,458.90 "," 66,937,724.86 ", -   ,0.00,"64,654,777.96", -   ," 66,937,724.86 ",," 85,480,484.86 ",,,,,,
375,Nelson,TRUE,375,Nelson, 61.58 ," 262,662.75 ", 11.31 ," 27,067.99 ", 10.00 ," 21,848.40 ", -   , -   , -   , -   ," 311,579.14 "," 195,584 "," 180,521,030.75 "," 15,958,788.75 ", -   , -   ," 115,995.14 "," 56,864.24 ","45,491.39","150,788.18", -   ," 161,486.53 ",," 357,070.53 ",,,,,,
377,New Boston,TRUE,377,New Boston, 911.37 ," 3,887,579.74 ", 77.74 ," 186,024.40 ", 186.56 ," 407,601.57 ", 3.02 ," 2,515.85 ", 0.53 ," 2,239.46 "," 4,485,961.02 "," 1,331,005 "," 1,203,156,414.07 "," 15,476,770.68 ", -   , -   ," 3,154,956.02 ", -   ,0.00,"3,101,491.52", -   ," 3,154,956.02 ",," 4,485,961.02 ",,,,,,
379,Newbury,TRUE,379,Newbury, 181.24 ," 773,116.96 ", 36.60 ," 87,571.54 ", 40.38 ," 88,216.63 ", -   , -   , -   , -   ," 948,905.13 "," 2,104,481 "," 1,888,837,321.30 "," 51,613,076.84 ", -   , -   , -   , -   ,0.00,0.00, -   , -   ,," 2,104,481.00 ",,,,,,
381,New Castle,TRUE,381,New Castle, 39.30 ," 167,626.86 ", -   , -   , 3.72 ," 8,128.92 ", -   , -   , -   , -   ," 175,755.78 "," 1,666,173 "," 1,490,161,130.70 ", -   ,  , -   , -   , -   ,0.00,0.00, -   , -   ,," 1,666,173.00 ",,,,,,
383,New Durham,TRUE,383,New Durham, 294.01 ," 1,254,130.58 ", 66.90 ," 160,083.48 ", 46.83 ," 102,321.52 ", -   , -   , -   , -   ," 1,516,535.58 "," 896,537 "," 807,099,788.79 "," 12,064,488.28 ", -   , -   ," 619,998.58 ", -   ,0.00,"706,757.46"," 51,421.01 "," 671,419.59 ",," 1,567,956.59 ",,,,,,
387,Newfields,TRUE,387,Newfields, 241.44 ," 1,029,908.07 ", 17.83 ," 42,673.66 ", 45.05 ," 98,426.39 ", -   , -   , -   , -   ," 1,171,008.12 "," 503,058 "," 451,727,978.66 "," 25,330,588.21 ", -   , -   ," 667,950.12 ", -   ,0.00,"681,618.02", -   ," 667,950.12 ",," 1,171,008.12 ",,,,,,
389,New Hampton,TRUE,389,New Hampton, 217.26 ," 926,758.92 ", 74.09 ," 177,285.22 ", 44.93 ," 98,172.73 ", 6.72 ," 5,591.19 ", -   , -   ," 1,207,808.06 "," 628,524 "," 610,513,754.70 "," 8,240,453.23 ", -   , -   ," 579,284.06 "," 234,978.51 ","187,982.81","790,064.08", -   ," 767,266.87 ",," 1,395,790.87 ",,,,,,
391,Newington,TRUE,391,Newington, 62.98 ," 268,667.50 ", 2.00 ," 4,785.84 ", 5.73 ," 12,510.83 ", -   , -   , -   , -   ," 285,964.17 "," 952,422 "," 1,306,534,504.84 "," 653,267,252.42 ", -   , -   , -   , -   ,0.00,0.00, -   , -   ,," 952,422.00 ",,,,,,
393,New Ipswich,TRUE,393,New Ipswich, 616.03 ," 2,627,754.96 ", 116.12 ," 277,864.20 ", 81.29 ," 177,604.55 ", 2.61 ," 2,170.69 ", -   , -   ," 3,085,394.40 "," 903,792 "," 826,366,374.62 "," 7,116,529.08 ", -   , -   ," 2,181,602.40 "," 745,418.04 ","596,334.43","2,726,831.65", -   ," 2,777,936.83 ",," 3,681,728.83 ",,,,,,
395,New London,TRUE,395,New London, 330.09 ," 1,408,064.73 ", 21.38 ," 51,171.40 ", 35.98 ," 78,617.75 ", -   , -   , -   , -   ," 1,537,853.88 "," 2,359,231 "," 2,124,132,903.43 "," 99,330,491.87 ", -   , -   , -   , -   ,0.00,0.00, -   , -   ,," 2,359,231.00 ",,,,,,
399,Newmarket,TRUE,399,Newmarket, 937.26 ," 3,998,025.26 ", 199.82 ," 478,162.37 ", 184.95 ," 404,083.54 ", 20.71 ," 17,239.84 ", 0.45 ," 1,919.54 "," 4,899,430.55 "," 1,896,048 "," 1,703,106,287.12 "," 8,523,040.23 ", -   , -   ," 3,003,382.55 ", -   ,0.00,"3,034,516.59", -   ," 3,003,382.55 ",," 4,899,430.55 ",,,,,,
401,Newport,TRUE,401,Newport, 620.80 ," 2,648,087.98 ", 347.26 ," 830,970.19 ", 193.87 ," 423,564.44 ", 8.85 ," 7,362.87 ", -   , -   ," 3,909,985.48 "," 904,740 "," 833,022,456.39 "," 2,398,829.86 "," 9,873.86 "," 3,428,816.51 "," 6,434,061.99 "," 1,423,727.60 ","1,138,982.08","7,651,036.15", -   ," 7,573,044.07 ",," 8,477,784.07 ",,,,,,
403,Newton,TRUE,403,Newton, 491.96 ," 2,098,542.60 ", 64.55 ," 154,471.60 ", 128.21 ," 280,117.03 ", 4.00 ," 3,329.28 ", -   , -   ," 2,536,460.51 "," 1,089,154 "," 994,164,358.10 "," 15,400,602.88 ", -   , -   ," 1,447,306.51 ", -   ,0.00,"1,469,900.85", -   ," 1,447,306.51 ",," 2,536,460.51 ",,,,,,
404,Northfield,TRUE,404,Northfield, 484.34 ," 2,066,011.55 ", 155.26 ," 371,524.52 ", 116.52 ," 254,582.14 ", 2.00 ," 1,664.64 ", -   , -   ," 2,693,782.85 "," 754,673 "," 690,051,442.83 "," 4,444,492.38 "," 5,352.95 "," 831,097.90 "," 2,770,207.75 "," 1,887,842.76 ","1,510,274.21","4,220,307.50", -   ," 4,280,481.96 ",," 5,035,154.96 ",,,,,,
405.00, North Hampton , TRUE ,405,North Hampton, 380.37 ," 1,622,541.96 ", 13.98 ," 33,447.52 ", 76.11 ," 166,289.92 ", 1.23 ," 1,026.25 ", 2.70 ," 11,517.23 "," 1,834,822.88 "," 2,171,558 "," 1,962,948,126.57 "," 140,434,272.20 ", -   , -   , -   , -   ,0.00,0.00, -   , -   ,," 2,171,558.00 ",,,,,,
407,Northumberland,TRUE,407,Northumberland, 251.57 ," 1,073,115.16 ", 101.56 ," 243,023.52 ", 78.94 ," 172,470.18 ", -   , -   , -   , -   ," 1,488,608.86 "," 196,962 "," 264,472,455.98 "," 2,604,115.98 "," 9,420.18 "," 956,707.64 "," 2,248,354.50 "," 590,831.25 ","472,665.00","3,063,379.85"," 189,191.36 "," 2,910,210.86 ",," 3,107,172.86 ",,,,,,
411,Northwood,TRUE,411,Northwood, 554.60 ," 2,365,719.68 ", 77.23 ," 184,816.94 ", 111.59 ," 243,812.63 ", 1.00 , 832.32 , -   , -   ," 2,795,181.57 "," 1,167,476 "," 1,061,478,701.12 "," 13,743,511.04 ", -   , -   ," 1,627,705.57 "," 419,102.52 ","335,282.01","1,994,501.06", -   ," 1,962,987.58 ",," 3,130,463.58 ",,,,,,
413,Nottingham,TRUE,413,Nottingham, 760.63 ," 3,244,569.06 ", 72.10 ," 172,523.79 ", 106.70 ," 233,118.06 ", 1.00 , 832.32 , -   , -   ," 3,651,043.23 "," 1,433,303 "," 1,315,611,784.10 "," 18,247,650.19 ", -   , -   ," 2,217,740.23 ", -   ,0.00,"2,166,086.14", -   ," 2,217,740.23 ",," 3,651,043.23 ",,,,,,
414,Odell,TRUE,414,Odell, -   , -   , -   , -   , -   , -   , -   , -   , -   , -   , -   ," 4,248 "," 3,792,866.44 ", -   ,  , -   , -   , -   ,0.00,0.00, -   , -   ,," 4,248.00 ",,,,,,
415,Orange,TRUE,415,Orange, 31.90 ," 136,063.25 ", 4.00 ," 9,571.68 ", 6.00 ," 13,109.04 ", -   , -   , -   , -   ," 158,743.97 "," 56,615 "," 51,861,568.57 "," 12,965,392.14 ", -   , -   ," 102,128.97 "," 129,630.21 ","103,704.17","207,270.31", -   ," 205,833.14 ",," 262,448.14 ",,,,,,
419,Ossipee,TRUE,419,Ossipee, 526.45 ," 2,245,639.78 ", 272.08 ," 651,066.15 ", 123.10 ," 268,952.71 ", 6.00 ," 4,995.83 ", 0.98 ," 4,159.00 "," 3,174,813.47 "," 1,718,079 "," 1,552,796,548.98 "," 5,707,128.08 "," 2,562.52 "," 697,211.32 "," 2,153,945.79 "," 194,977.32 ","155,981.86","2,355,364.27", -   ," 2,309,927.64 ",," 4,028,006.64 ",,,,,,
425,Pelham,TRUE,425,Pelham," 1,547.96 "," 6,603,020.05 ", 180.85 ," 432,755.99 ", 299.08 ," 653,447.85 ", 19.29 ," 16,055.29 ", -   , -   ," 7,705,279.18 "," 3,553,614 "," 3,266,738,423.95 "," 18,063,397.95 ", -   , -   ," 4,151,665.18 ", -   ,0.00,"4,124,717.71", -   ," 4,151,665.18 ",," 7,705,279.18 ",,,,,,
427,Pembroke,TRUE,427,Pembroke, 926.80 ," 3,953,411.79 ", 203.49 ," 486,932.90 ", 201.94 ," 441,197.85 ", 4.97 ," 4,138.05 ", -   , -   ," 4,885,680.59 "," 1,328,586 "," 1,221,843,799.45 "," 6,004,471.00 "," 1,905.39 "," 387,726.62 "," 3,944,821.21 "," 1,349,053.14 ","1,079,242.52","5,677,645.59"," 369,699.58 "," 5,393,763.31 ",," 6,722,349.31 ",,,,,,
429,Penacook,TRUE,429,Penacook, 696.18 ," 2,969,651.98 ", 260.95 ," 624,423.62 ", 182.40 ," 398,514.16 ", 12.32 ," 10,255.85 ", -   , -   ," 4,002,845.61 "," 763,151 "," 743,557,458.00 "," 2,849,465.42 "," 8,877.96 "," 2,316,669.72 "," 5,556,364.33 ", -   ,0.00,"5,542,105.86", -   ," 5,556,364.33 ",," 6,319,515.33 ",,,,,,
431,Peterborough,TRUE,431,Peterborough, 596.17 ," 2,543,035.93 ", 188.30 ," 450,584.68 ", 127.06 ," 277,602.27 ", 5.47 ," 4,549.29 ", -   , -   ," 3,275,772.17 "," 1,419,713 "," 1,287,331,223.13 "," 6,836,629.72 ", 66.32 ," 12,488.51 "," 1,868,547.68 "," 402,822.45 ","322,257.96","2,154,163.54", -   ," 2,190,805.64 ",," 3,610,518.64 ",,,,,,
435,Piermont,TRUE,435,Piermont, 75.40 ," 321,638.64 ", 12.77 ," 30,556.39 ", 16.77 ," 36,638.67 ", -   , -   , -   , -   ," 388,833.70 "," 186,859 "," 171,253,191.34 "," 13,411,111.74 ", -   , -   ," 201,974.70 "," 149,609.85 ","119,687.88","299,764.03", -   ," 321,662.58 ",," 508,521.58 ",,,,,,
436,Pinkham's Grant,TRUE,436,Pinkham's Grant, -   , -   , -   , -   , -   , -   , -   , -   , -   , -   , -   ," 4,311 "," 4,089,162.57 ", -   ,  , -   , -   , -   ,0.00,0.00, -   , -   ,," 4,311.00 ",,,,,,
437,Pittsburg,TRUE,437,Pittsburg, 53.35 ," 227,565.07 ", 19.35 ," 46,299.17 ", 11.35 ," 24,794.44 ", -   , -   , -   , -   ," 298,658.68 "," 678,002 "," 621,766,586.69 "," 32,135,297.32 ", -   , -   , -   , -   ,0.00,0.00, -   , -   ,," 678,002.00 ",,,,,,
439,Pittsfield,TRUE,439,Pittsfield, 468.39 ," 1,997,975.44 ", 222.93 ," 533,451.50 ", 133.64 ," 291,980.05 ", -   , -   , -   , -   ," 2,823,406.99 "," 619,294 "," 567,481,737.89 "," 2,545,570.49 "," 9,549.56 "," 2,128,875.62 "," 4,332,988.61 "," 699,592.29 ","559,673.83","5,180,673.56"," 28,977.44 "," 4,921,639.88 ",," 5,540,933.88 ",,,,,,
441,Plainfield,TRUE,441,Plainfield, 258.32 ," 1,101,907.80 ", 17.59 ," 42,098.88 ", 44.53 ," 97,296.82 ", 2.00 ," 1,664.64 ", -   , -   ," 1,242,968.14 "," 589,820 "," 536,355,215.61 "," 30,486,680.32 ", -   , -   ," 653,148.14 "," 92,325.45 ","73,860.36","743,719.20", -   ," 727,008.50 ",," 1,316,828.50 ",,,,,,
443,Plaistow,TRUE,443,Plaistow, 927.88 ," 3,958,008.02 ", 172.45 ," 412,661.69 ", 209.90 ," 458,592.67 ", 15.17 ," 12,624.55 ", -   , -   ," 4,841,886.93 "," 1,989,012 "," 1,823,531,312.77 "," 10,574,193.57 ", -   , -   ," 2,852,874.93 ", -   ,0.00,"2,734,225.80", -   ," 2,852,874.93 ",," 4,841,886.93 ",,,,,,
447,Plymouth,TRUE,447,Plymouth, 564.08 ," 2,406,167.33 ", 172.55 ," 412,887.58 ", 113.06 ," 247,023.47 ", 13.02 ," 10,833.98 ", 0.15 , 639.85 ," 3,077,552.21 "," 868,029 "," 805,439,178.44 "," 4,667,981.36 "," 4,859.04 "," 838,404.72 "," 3,047,927.93 "," 1,177,843.61 ","942,274.89","4,130,535.69", -   ," 3,990,202.82 ",," 4,858,231.82 ",,,,,,
449,Portsmouth,TRUE,449,Portsmouth," 2,052.94 "," 8,757,106.39 ", 365.78 ," 875,282.52 ", 422.04 ," 922,099.71 ", 75.53 ," 62,866.29 ", -   , -   ," 10,617,354.91 "," 11,022,761 "," 10,118,760,813.11 "," 27,663,508.25 ", -   , -   , -   , -   ,0.00,0.00, -   , -   ,," 11,022,761.00 ",,,,,,
451,Randolph,TRUE,451,Randolph, 23.78 ," 101,449.29 ", 5.78 ," 13,838.02 ", 4.78 ," 10,449.87 ", -   , -   , -   , -   ," 125,737.18 "," 129,517 "," 131,981,424.49 "," 22,822,705.65 ", -   , -   , -   , -   ,0.00,"2,925.92"," 2,779.62 "," 2,779.62 ",," 132,296.62 ",,,,,,
453,Raymond,TRUE,453,Raymond," 1,081.17 "," 4,611,877.31 ", 294.55 ," 704,834.83 ", 225.10 ," 491,811.85 ", 12.56 ," 10,451.28 ", -   , -   ," 5,818,975.27 "," 2,149,136 "," 1,954,460,865.42 "," 6,635,410.63 ", 511.02 ," 150,520.08 "," 3,820,359.35 "," 1,209,931.76 ","967,945.41","4,620,143.06", -   ," 4,788,304.76 ",," 6,937,440.76 ",,,,,,
455,Richmond,TRUE,455,Richmond, 129.53 ," 552,513.85 ", 42.33 ," 101,286.56 ", 26.88 ," 58,732.21 ", 1.00 , 832.32 , -   , -   ," 713,364.94 "," 211,050 "," 203,509,965.21 "," 4,807,973.17 "," 4,549.65 "," 192,575.92 "," 694,890.86 "," 151,388.59 ","121,110.87","798,284.60", -   ," 816,001.73 ",," 1,027,051.73 ",,,,,,
459,Rindge,TRUE,459,Rindge, 489.52 ," 2,088,136.14 ", 105.87 ," 253,344.66 ", 81.92 ," 178,974.66 ", 2.25 ," 1,873.89 ", -   , -   ," 2,522,329.35 "," 1,412,531 "," 1,286,916,997.73 "," 12,155,335.73 ", -   , -   ," 1,109,798.35 ", -   ,0.00,"1,178,243.84"," 9,533.30 "," 1,119,331.65 ",," 2,531,862.65 ",,,,,,
461,Rochester,TRUE,461,Rochester," 3,540.56 "," 15,102,757.77 "," 1,362.98 "," 3,261,506.41 ", 842.78 ," 1,841,341.20 ", 72.39 ," 60,248.32 ", 1.35 ," 5,758.61 "," 20,271,612.31 "," 5,437,627 "," 5,046,028,818.59 "," 3,702,198.24 "," 6,993.42 "," 9,531,899.13 "," 24,365,884.44 "," 109,823.87 ","87,859.09","25,949,553.11"," 198,331.92 "," 24,652,075.46 ",," 30,089,702.46 ",,,,,,
463,Rollinsford,TRUE,463,Rollinsford, 290.69 ," 1,239,968.23 ", 48.55 ," 116,176.03 ", 37.38 ," 81,672.38 ", -   , -   , -   , -   ," 1,437,816.64 "," 575,515 "," 522,962,765.20 "," 10,771,654.84 ", -   , -   ," 862,301.64 ", -   ,0.00,"790,220.48", -   ," 862,301.64 ",," 1,437,816.64 ",,,,,,
465,Roxbury,TRUE,465,Roxbury, 20.59 ," 87,842.32 ", 4.56 ," 10,905.73 ", 4.00 ," 8,739.36 ", -   , -   , -   , -   ," 107,487.41 "," 43,041 "," 39,753,709.66 "," 8,722,700.97 ", -   , -   ," 64,446.41 "," 29,430.24 ","23,544.19","79,369.47", -   ," 87,990.60 ",," 131,031.60 ",,,,,,
467,Rumney,TRUE,467,Rumney, 140.38 ," 598,796.04 ", 49.49 ," 118,423.94 ", 39.21 ," 85,677.19 ", -   , -   , -   , -   ," 802,897.17 "," 363,048 "," 345,247,556.60 "," 6,976,206.10 ", -   , -   ," 439,849.17 "," 292,275.75 ","233,820.60","640,983.35", -   ," 673,669.77 ",," 1,036,717.77 ",,,,,,
471,Rye,TRUE,471,Rye, 508.42 ," 2,168,731.57 ", 8.87 ," 21,234.53 ", 57.63 ," 125,909.49 ", 3.00 ," 2,496.96 ", -   , -   ," 2,318,372.55 "," 5,474,271 "," 4,912,360,545.08 "," 553,574,025.52 ", -   , -   , -   , -   ,0.00,0.00, -   , -   ,," 5,474,271.00 ",,,,,,
473,Salem,TRUE,473,Salem," 3,407.58 "," 14,535,508.27 ", 603.52 ," 1,444,164.55 ", 613.31 ," 1,339,973.51 ", 82.91 ," 69,003.99 ", -   , -   ," 17,388,650.32 "," 9,339,468 "," 8,502,565,561.59 "," 14,088,394.01 ", -   , -   ," 8,049,182.32 ", -   ,0.00,"7,986,537.28", -   ," 8,049,182.32 ",," 17,388,650.32 ",,,,,,
475,Salisbury,TRUE,475,Salisbury, 150.11 ," 640,332.71 ", 33.19 ," 79,415.03 ", 34.16 ," 74,642.44 ", 1.98 ," 1,650.57 ", 0.15 , 639.85 ," 796,680.60 "," 278,354 "," 266,140,689.55 "," 8,019,305.15 ", -   , -   ," 518,326.60 "," 35,252.09 ","28,201.68","529,231.86", -   ," 546,528.27 ",," 824,882.27 ",,,,,,
477,Sanbornton,TRUE,477,Sanbornton, 247.45 ," 1,055,517.26 ", 69.05 ," 165,230.17 ", 44.40 ," 96,996.85 ", -   , -   , 0.30 ," 1,279.69 "," 1,319,023.97 "," 1,104,993 "," 993,429,653.39 "," 14,387,189.11 ", -   , -   ," 214,030.97 "," 153,587.45 ","122,869.96","338,235.44", -   ," 336,900.94 ",," 1,441,893.94 ",,,,,,
479,Sandown,TRUE,479,Sandown, 865.14 ," 3,690,365.55 ", 115.31 ," 275,919.23 ", 200.52 ," 438,109.80 ", 5.00 ," 4,161.60 ", 0.15 , 639.85 ," 4,409,196.03 "," 1,350,477 "," 1,215,576,010.17 "," 10,542,129.11 ", -   , -   ," 3,058,719.03 "," 1,149,005.12 ","919,204.09","3,869,052.69", -   ," 3,977,923.12 ",," 5,328,400.12 ",,,,,,
483,Sandwich,TRUE,483,Sandwich, 143.67 ," 612,849.19 ", 21.00 ," 50,251.32 ", 21.00 ," 45,881.64 ", -   , -   , -   , -   ," 708,982.15 "," 917,918 "," 835,513,259.12 "," 39,786,345.67 ", -   , -   , -   , -   ,0.00,0.00, -   , -   ,," 917,918.00 ",,,,,,
485,Seabrook,TRUE,485,Seabrook, 849.41 ," 3,623,282.82 ", 395.30 ," 945,911.70 ", 190.21 ," 415,572.08 ", 18.45 ," 15,353.22 ", -   , -   ," 5,000,119.82 "," 3,323,319 "," 4,718,469,374.05 "," 11,936,547.23 ", -   , -   ," 1,676,800.82 ", -   ,0.00,"1,693,103.65", -   ," 1,676,800.82 ",," 5,000,119.82 ",,,,,,
487,Sharon,TRUE,487,Sharon, 28.53 ," 121,681.65 ", -   , -   , 7.00 ," 15,293.88 ", 1.00 , 832.32 , -   , -   ," 137,807.85 "," 94,536 "," 85,453,222.19 ", -   ,  , -   ," 43,271.85 "," 33,992.58 ","27,194.06","70,216.06", -   ," 70,465.91 ",," 165,001.91 ",,,,,,
489,Shelburne,TRUE,489,Shelburne, 32.58 ," 138,955.78 ", 12.56 ," 30,065.60 ", 1.00 ," 2,184.84 ", -   , -   , -   , -   ," 171,206.22 "," 95,638 "," 121,427,608.43 "," 9,664,417.59 ", -   , -   ," 75,568.22 "," 30,824.64 ","24,659.71","102,553.33", -   ," 100,227.93 ",," 195,865.93 ",,,,,,
491,Somersworth,TRUE,491,Somersworth," 1,267.30 "," 5,405,858.37 ", 551.92 ," 1,320,695.86 ", 306.08 ," 668,739.54 ", 74.77 ," 62,235.98 ", -   , -   ," 7,457,529.75 "," 2,346,763 "," 2,138,045,717.31 "," 3,873,845.99 "," 6,614.07 "," 3,650,427.58 "," 8,761,194.33 ", -   ,0.00,"9,061,890.90", -   ," 8,761,194.33 ",," 11,107,957.33 ",,,,,,
495,South Hampton,TRUE,495,South Hampton, 108.50 ," 462,822.79 ", 4.00 ," 9,571.68 ", 23.00 ," 50,251.32 ", -   , -   , -   , -   ," 522,645.79 "," 277,255 "," 252,797,369.11 "," 63,199,342.28 ", -   , -   ," 245,390.79 "," 48,969.52 ","39,175.62","276,857.26", -   ," 284,566.41 ",," 561,821.41 ",,,,,,
497,Springfield,TRUE,497,Springfield, 145.90 ," 622,341.09 ", 21.08 ," 50,444.67 ", 29.37 ," 64,169.84 ", -   , -   , -   , -   ," 736,955.60 "," 407,250 "," 376,698,999.72 "," 17,869,293.37 ", -   , -   ," 329,705.60 ", -   ,0.00,"364,580.03"," 16,645.43 "," 346,351.03 ",," 753,601.03 ",,,,,,
499,Stark,TRUE,499,Stark, 57.64 ," 245,856.99 ", 22.63 ," 54,140.77 ", 7.66 ," 16,746.14 ", -   , -   , -   , -   ," 316,743.90 "," 148,594 "," 159,693,239.82 "," 7,058,139.96 ", -   , -   ," 168,149.90 "," 197,343.08 ","157,874.47","315,442.07", -   ," 326,024.37 ",," 474,618.37 ",,,,,,
501,Stewartstown,TRUE,501,Stewartstown, 80.29 ," 342,505.72 ", 46.41 ," 111,056.85 ", 15.70 ," 34,295.65 ", -   , -   , -   , -   ," 487,858.22 "," 201,966 "," 202,556,064.88 "," 4,364,435.39 "," 5,529.87 "," 256,644.69 "," 542,536.91 "," 103,208.43 ","82,566.75","685,106.51"," 25,747.53 "," 650,851.19 ",," 852,817.19 ",,,,,,
503,Stoddard,TRUE,503,Stoddard, 130.04 ," 554,688.47 ", 33.17 ," 79,374.11 ", 28.07 ," 61,321.90 ", -   , -   , -   , -   ," 695,384.48 "," 544,079 "," 505,647,995.71 "," 15,243,952.31 ", -   , -   ," 151,305.48 ", -   ,0.00,"186,608.16"," 25,972.27 "," 177,277.75 ",," 721,356.75 ",,,,,,
507,Strafford,TRUE,507,Strafford, 529.97 ," 2,260,645.45 ", 69.62 ," 166,584.56 ", 112.67 ," 246,157.18 ", -   , -   , -   , -   ," 2,673,387.19 "," 1,186,486 "," 1,081,693,127.97 "," 15,538,085.26 ", -   , -   ," 1,486,901.19 "," 790,883.08 ","632,706.46","2,158,093.93", -   ," 2,119,607.65 ",," 3,306,093.65 ",,,,,,
509,Stratford,TRUE,509,Stratford, 63.36 ," 270,256.45 ", 35.11 ," 84,020.21 ", 24.16 ," 52,791.20 ", -   , -   , -   , -   ," 407,067.86 "," 156,841 "," 204,300,030.80 "," 5,818,524.46 "," 2,316.34 "," 81,331.17 "," 331,558.03 "," 339,200.77 ","271,360.62","702,271.62"," 64,239.39 "," 667,158.04 ",," 823,999.04 ",,,,,,
511,Stratham,TRUE,511,Stratham," 1,010.60 "," 4,310,857.06 ", 47.88 ," 114,577.32 ", 165.74 ," 362,122.81 ", 3.54 ," 2,950.08 ", -   , -   ," 4,790,507.27 "," 2,670,500 "," 2,425,412,214.73 "," 50,654,157.00 ", -   , -   ," 2,120,007.27 ", -   ,0.00,"2,134,421.81", -   ," 2,120,007.27 ",," 4,790,507.27 ",,,,,,
512,Sugar Hill,TRUE,512,Sugar Hill, 56.53 ," 241,141.32 ", 9.51 ," 22,752.60 ", 13.00 ," 28,402.92 ", 0.01 , 9.24 , -   , -   ," 292,306.08 "," 389,486 "," 353,993,196.04 "," 37,229,914.50 ", -   , -   , -   , -   ,0.00,0.00, -   , -   ,," 389,486.00 ",,,,,,
513,Sullivan,TRUE,513,Sullivan, 68.67 ," 292,903.16 ", 23.15 ," 55,388.92 ", 15.77 ," 34,462.57 ", -   , -   , -   , -   ," 382,754.65 "," 98,362 "," 94,534,890.38 "," 4,084,109.84 "," 6,149.39 "," 142,339.97 "," 426,732.62 "," 302,756.23 ","242,204.98","656,568.52", -   ," 668,937.60 ",," 767,299.60 ",,,,,,
514,Success,TRUE,514,Success, -   , -   , -   , -   , -   , -   , -   , -   , -   , -   , -   ," 16,982 "," 15,233,230.56 ", -   ,  , -   , -   , -   ,0.00,0.00, -   , -   ,," 16,982.00 ",,,,,,
515,Sunapee,TRUE,515,Sunapee, 327.75 ," 1,398,042.18 ", 70.17 ," 167,916.94 ", 57.10 ," 124,747.15 ", 1.36 ," 1,132.87 ", -   , -   ," 1,691,839.14 "," 2,831,565 "," 2,561,085,562.29 "," 36,497,049.58 ", -   , -   , -   , -   ,0.00,0.00, -   , -   ,," 2,831,565.00 ",,,,,,
519,Surry,TRUE,519,Surry, 91.21 ," 389,069.45 ", 6.99 ," 16,736.32 ", 13.99 ," 30,574.87 ", 1.00 , 832.32 , -   , -   ," 437,212.96 "," 150,535 "," 140,313,973.30 "," 20,061,762.53 ", -   , -   ," 286,677.96 "," 66,381.61 ","53,105.29","337,572.66", -   ," 339,783.25 ",," 490,318.25 ",,,,,,
521,Sutton,TRUE,521,Sutton, 249.18 ," 1,062,916.87 ", 36.77 ," 87,991.50 ", 44.53 ," 97,301.41 ", 2.00 ," 1,664.64 ", -   , -   ," 1,249,874.42 "," 592,470 "," 536,996,228.03 "," 14,603,558.94 ", -   , -   ," 657,404.42 ", -   ,0.00,"636,695.59", -   ," 657,404.42 ",," 1,249,874.42 ",,,,,,
523,Swanzey,TRUE,523,Swanzey, 845.11 ," 3,604,945.26 ", 311.18 ," 744,621.19 ", 168.50 ," 368,138.33 ", 7.26 ," 6,041.48 ", -   , -   ," 4,723,746.26 "," 1,225,744 "," 1,131,484,119.31 "," 3,636,145.49 "," 7,139.39 "," 2,221,613.42 "," 5,719,615.68 "," 1,015,309.30 ","812,247.44","6,360,630.42", -   ," 6,531,863.12 ",," 7,757,607.12 ",,,,,,
525,Tamworth,TRUE,525,Tamworth, 242.77 ," 1,035,560.89 ", 115.24 ," 275,770.39 ", 65.58 ," 143,278.97 ", 4.00 ," 3,329.28 ", -   , -   ," 1,457,939.53 "," 776,073 "," 711,885,881.56 "," 6,177,189.51 "," 1,523.69 "," 175,596.08 "," 857,462.61 ", -   ,0.00,"1,059,635.13"," 149,190.76 "," 1,006,653.37 ",," 1,782,726.37 ",,,,,,
527,Temple,TRUE,527,Temple, 105.94 ," 451,890.38 ", 26.03 ," 62,297.52 ", 30.03 ," 65,619.70 ", -   , -   , -   , -   ," 579,807.60 "," 312,780 "," 283,982,533.96 "," 10,908,098.76 ", -   , -   ," 267,027.60 ", -   ,0.00,"252,975.05", -   ," 267,027.60 ",," 579,807.60 ",,,,,,
531,Thornton,TRUE,531,Thornton, 243.52 ," 1,038,766.95 ", 47.83 ," 114,454.08 ", 42.61 ," 93,103.02 ", 1.00 , 832.32 , -   , -   ," 1,247,156.37 "," 949,944 "," 860,428,881.38 "," 17,989,201.02 ", -   , -   ," 297,212.37 "," 345,422.42 ","276,337.94","602,460.40", -   ," 573,550.31 ",," 1,523,494.31 ",,,,,,
532,Tilton,TRUE,532,Tilton, 412.34 ," 1,758,908.93 ", 200.97 ," 480,898.43 ", 102.40 ," 223,735.48 ", 10.00 ," 8,323.20 ", -   , -   ," 2,471,866.04 "," 1,282,630 "," 1,205,728,179.21 "," 5,999,626.70 "," 1,916.10 "," 385,073.13 "," 1,574,309.17 ", -   ,0.00,"1,470,408.11", -   ," 1,574,309.17 ",," 2,856,939.17 ",,,,,,
535,Troy,TRUE,535,Troy, 244.07 ," 1,041,135.23 ", 95.12 ," 227,620.77 ", 49.42 ," 107,975.01 ", -   , -   , -   , -   ," 1,376,731.01 "," 261,517 "," 259,092,317.78 "," 2,723,772.46 "," 9,155.74 "," 870,917.53 "," 1,986,131.54 "," 454,428.39 ","363,542.71","2,282,552.68", -   ," 2,349,674.25 ",," 2,611,191.25 ",,,,,,
537,Tuftonboro,TRUE,537,Tuftonboro, 214.15 ," 913,474.44 ", 60.92 ," 145,779.56 ", 33.02 ," 72,148.88 ", -   , -   , -   , -   ," 1,131,402.88 "," 2,337,640 "," 2,104,698,121.81 "," 34,547,876.96 ", -   , -   , -   , -   ,0.00,0.00, -   , -   ,," 2,337,640.00 ",,,,,,
539,Unity,TRUE,539,Unity, 129.74 ," 553,420.72 ", 49.25 ," 117,851.07 ", 33.08 ," 72,269.92 ", -   , -   , -   , -   ," 743,541.71 "," 244,132 "," 222,792,517.32 "," 4,523,715.12 "," 5,177.86 "," 255,009.28 "," 754,418.99 "," 98,665.98 ","78,932.78","836,780.17", -   ," 833,351.77 ",," 1,077,483.77 ",,,,,,
543,Wakefield,TRUE,543,Wakefield, 582.95 ," 2,486,646.73 ", 198.05 ," 473,912.54 ", 123.84 ," 270,578.45 ", 2.00 ," 1,664.64 ", -   , -   ," 3,232,802.36 "," 2,494,360 "," 2,246,402,380.59 "," 11,342,728.27 ", -   , -   ," 738,442.36 "," 265,384.37 ","212,307.50","1,030,481.52"," 28,207.59 "," 978,957.45 ",," 3,473,317.45 ",,,,,,
545,Walpole,TRUE,545,Walpole, 357.88 ," 1,526,594.92 ", 86.00 ," 205,791.12 ", 55.29 ," 120,801.33 ", 2.47 ," 2,055.16 ", -   , -   ," 1,855,242.53 "," 812,857 "," 773,182,896.05 "," 8,990,498.79 ", -   , -   ," 1,042,385.53 "," 333,932.63 ","267,146.11","1,381,316.95"," 2,719.47 "," 1,312,251.11 ",," 2,125,108.11 ",,,,,,
547,Warner,TRUE,547,Warner, 318.57 ," 1,358,886.17 ", 63.92 ," 152,951.38 ", 54.77 ," 119,655.60 ", 1.42 ," 1,184.72 ", -   , -   ," 1,632,677.87 "," 591,683 "," 541,382,385.81 "," 8,469,912.15 ", -   , -   ," 1,040,994.87 "," 186,525.32 ","149,220.26","1,210,554.58", -   ," 1,190,215.13 ",," 1,781,898.13 ",,,,,,
549,Warren,TRUE,549,Warren, 82.00 ," 349,781.20 ", 32.36 ," 77,430.82 ", 15.27 ," 33,358.14 ", -   , -   , -   , -   ," 460,570.16 "," 140,214 "," 144,127,793.31 "," 4,454,121.30 "," 5,331.67 "," 172,523.66 "," 492,879.82 "," 189,718.48 ","151,774.79","819,712.66"," 134,072.42 "," 778,727.03 ",," 918,941.03 ",,,,,,
551,Washington,TRUE,551,Washington, 97.40 ," 415,474.62 ", 39.67 ," 94,920.91 ", 22.42 ," 48,986.73 ", -   , -   , -   , -   ," 559,382.26 "," 460,009 "," 415,433,197.56 "," 10,472,912.20 ", -   , -   ," 99,373.26 "," 79,171.44 ","63,337.15","96,321.33", -   ," 162,710.41 ",," 622,719.41 ",,,,,,
553,Waterville Valley,TRUE,553,Waterville Valley, 38.65 ," 164,858.45 ", 2.00 ," 4,785.84 ", 4.65 ," 10,155.14 ", 3.00 ," 2,496.96 ", -   , -   ," 182,296.39 "," 764,424 "," 687,129,548.46 "," 343,564,774.23 ", -   , -   , -   , -   ,0.00,0.00, -   , -   ,," 764,424.00 ",,,,,,
555,Weare,TRUE,555,Weare," 1,219.09 "," 5,200,197.36 ", 210.90 ," 504,659.17 ", 307.31 ," 671,429.08 ", 10.00 ," 8,323.20 ", 0.23 , 959.77 ," 6,385,568.58 "," 1,847,094 "," 1,695,353,451.29 "," 8,038,782.24 ", -   , -   ," 4,538,474.58 "," 3,097,378.40 ","2,477,902.72","6,970,989.29", -   ," 7,016,377.30 ",," 8,863,471.30 ",,,,,,
557,Webster,TRUE,557,Webster, 192.13 ," 819,574.48 ", 47.66 ," 114,037.23 ", 57.17 ," 124,910.58 ", -   , -   , -   , -   ," 1,058,522.29 "," 402,046 "," 386,747,160.22 "," 8,115,375.79 ", -   , -   ," 656,476.29 ", -   ,0.00,"685,493.96", -   ," 656,476.29 ",," 1,058,522.29 ",,,,,,
559,Wentworth,TRUE,559,Wentworth, 116.64 ," 497,536.14 ", 34.85 ," 83,382.97 ", 24.24 ," 52,970.35 ", -   , -   , -   , -   ," 633,889.46 "," 202,020 "," 189,457,335.67 "," 5,437,036.30 "," 3,159.42 "," 110,092.35 "," 541,961.81 "," 249,532.79 ","199,626.23","733,012.90", -   ," 741,588.04 ",," 943,608.04 ",,,,,,
561,Wentworth's Location,TRUE,561,Wentworth's Location, -   , -   , -   , -   , -   , -   , -   , -   , -   , -   , -   ," 14,526 "," 13,127,677.06 ", -   ,  , -   , -   , -   ,0.00,0.00, -   , -   ,," 14,526.00 ",,,,,,
563,Westmoreland,TRUE,563,Westmoreland, 165.03 ," 703,952.17 ", 32.60 ," 78,011.58 ", 20.99 ," 45,868.75 ", -   , -   , -   , -   ," 827,832.50 "," 307,921 "," 279,648,137.30 "," 8,577,900.60 ", -   , -   ," 519,911.50 "," 224,463.08 ","179,570.46","726,382.95", -   ," 699,481.96 ",," 1,007,402.96 ",,,,,,
567,Whitefield,TRUE,567,Whitefield, 236.94 ," 1,010,691.78 ", 111.40 ," 266,559.80 ", 71.92 ," 157,143.52 ", 0.94 , 785.04 , -   , -   ," 1,435,180.14 "," 429,609 "," 417,935,841.67 "," 3,751,829.90 "," 6,883.73 "," 766,814.52 "," 1,772,385.66 "," 161,408.10 ","129,126.48","2,103,974.49"," 97,263.63 "," 1,998,775.77 ",," 2,428,384.77 ",,,,,,
569,Wilmot,TRUE,569,Wilmot, 183.33 ," 782,032.15 ", 22.40 ," 53,607.87 ", 33.10 ," 72,326.51 ", 2.66 ," 2,214.80 ", -   , -   ," 910,181.33 "," 361,672 "," 328,982,318.38 "," 14,684,940.58 ", -   , -   ," 548,509.33 ", -   ,0.00,"519,166.76", -   ," 548,509.33 ",," 910,181.33 ",,,,,,
571,Wilton,TRUE,571,Wilton, 379.30 ," 1,617,954.27 ", 84.41 ," 201,983.98 ", 89.36 ," 195,227.69 ", -   , -   , 0.15 , 639.85 ," 2,015,805.79 "," 841,009 "," 760,523,415.57 "," 9,009,980.16 ", -   , -   ," 1,174,796.79 ", -   ,0.00,"1,182,205.19", -   ," 1,174,796.79 ",," 2,015,805.79 ",,,,,,
573,Winchester,TRUE,573,Winchester, 451.74 ," 1,926,949.12 ", 206.03 ," 493,022.16 ", 101.20 ," 221,116.51 ", 1.00 , 832.32 , -   , -   ," 2,641,920.11 "," 569,015 "," 564,601,198.72 "," 2,740,334.22 "," 9,119.14 "," 1,878,849.28 "," 3,951,754.39 "," 205,828.84 ","164,663.08","4,209,457.33", -   ," 4,116,417.47 ",," 4,685,432.47 ",,,,,,
575,Windham,TRUE,575,Windham," 2,863.75 "," 12,215,736.79 ", 93.71 ," 224,249.15 ", 504.67 ," 1,102,613.37 ", 81.02 ," 67,436.40 ", 2.03 ," 8,637.92 "," 13,618,673.63 "," 5,461,276 "," 4,927,611,846.09 "," 52,581,608.71 ", -   , -   ," 8,157,397.63 ", -   ,0.00,"8,116,730.79", -   ," 8,157,397.63 ",," 13,618,673.63 ",,,,,,
579,Windsor,TRUE,579,Windsor, 8.41 ," 35,859.96 ", 4.30 ," 10,292.19 ", 3.29 ," 7,187.47 ", -   , -   , -   , -   ," 53,339.62 "," 52,957 "," 48,270,258.36 "," 11,222,770.54 ", -   , -   , 382.62 ," 36,760.68 ","29,408.55","39,291.71"," 7,535.96 "," 37,327.13 ",," 90,284.13 ",,,,,,
583,Wolfeboro,TRUE,583,Wolfeboro, 578.15 ," 2,466,173.37 ", 143.31 ," 342,936.07 ", 96.74 ," 211,359.89 ", 1.99 ," 1,659.98 ", 2.93 ," 12,477.00 "," 3,034,606.31 "," 5,134,747 "," 4,585,185,351.78 "," 31,994,248.61 ", -   , -   , -   , -   ,0.00,0.00, -   , -   ,," 5,134,747.00 ",,,,,,
585,Woodstock,TRUE,585,Woodstock, 128.52 ," 548,208.54 ", 34.93 ," 83,583.02 ", 28.17 ," 61,546.29 ", 1.21 ," 1,006.44 ", -   , -   ," 694,344.29 "," 668,373 "," 610,319,184.51 "," 17,472,986.42 ", -   , -   ," 25,971.29 "," 181,822.48 ","145,457.98","168,702.26", -   ," 171,429.27 ",," 839,802.27 ",,,,,,
417,#REF!,#REF!,417,Orford, 104.08 ," 443,985.73 ", 52.14 ," 124,776.42 ", 21.59 ," 47,169.17 ", -   , -   , -   , -   ," 615,931.32 "," 283,900 "," 257,673,971.16 "," 4,941,584.29 "," 4,254.37 "," 221,840.03 "," 553,871.35 "," 93,253.06 ","74,602.44","348,303.46", -   ," 628,473.79 ",," 912,373.79 ",,,,,,
,,,,,,,,,,,,,, -   ,,,,,,,,,,,  ,,, -   ,,,,,,
,,,,,,,,,,,,,, -   ,,,,,,,,,,,  ,,, -   ,,,,,,
,,,a,ATK. & GILMANTON ACAD.,, -   ,0.00, -   ,0.00, -   ,0.00, -   ,, -   , -   ," 1,088 "," 971,216.05 ",  ,  ,, -   , -   , -   ,,  , -   ,," 1,088.00 ",,,,,,
,,,b,BEAN'S GRANT,, -   ,0.00, -   ,0.00, -   ,0.00, -   ,, -   , -   , -   , -   ,  ,  ,, -   , -   , -   ,,  , -   ,, -   ,,,,,,
,,,c,BEAN'S PURCHASE,, -   ,0.00, -   ,0.00, -   ,0.00, -   ,, -   , -   , -   , -   ,  ,  ,, -   , -   , -   ,,  , -   ,, -   ,,,,,,
,,,d,CHANDLER'S PURCHASE,, -   ,0.00, -   ,0.00, -   ,0.00, -   ,, -   , -   , 43 ," 46,338.50 ",  ,,, -   , -   , -   ,,  , -   ,, 43.00 ,,,,,,
,,,e,CRAWFORD'S PURCH.,, -   ,0.00, -   ,0.00, -   ,0.00, -   ,, -   , -   , 444 ," 397,057.67 ",  ,  ,, -   , -   , -   ,,  , -   ,, 444.00 ,,,,,,
,,,f,CUTT'S GRANT,, -   ,0.00, -   ,0.00, -   ,0.00, -   ,, -   , -   , -   , -   ,  ,  ,, -   , -   , -   ,,  , -   ,, -   ,,,,,,
,,,g,ERVING'S GRANT,, -   ,0.00, -   ,0.00, -   ,0.00, -   ,, -   , -   , 66 ," 58,914.00 ",  ,  ,, -   , -   , -   ,,  , -   ,, 66.00 ,,,,,,
,,,h,GREEN'S GRANT,, -   ,0.00, -   ,0.00, -   ,0.00, -   ,, -   , -   ," 9,560 "," 8,694,928.30 ",  ,  ,, -   , -   , -   ,,  , -   ,," 9,560.00 ",,,,,,
,,,i,HADLEY'S PURCH.,, -   ,0.00, -   ,0.00, -   ,0.00, -   ,, -   , -   , -   , -   ,  ,  ,, -   , -   , -   ,,  , -   ,, -   ,,,,,,
,,,j,KILKENNY,, -   ,0.00, -   ,0.00, -   ,0.00, -   ,, -   , -   , -   ," 31,693.00 ",  ,  ,, -   , -   , -   ,,  , -   ,, -   ,,,,,,
,,,k,LIVERMORE,, -   ,0.00, -   ,0.00, -   ,0.00, -   ,, -   , -   , 212 ," 189,600.00 ",  ,  ,, -   , -   , -   ,,  , -   ,, 212.00 ,,,,,,
,,,l,LOW & BURBANK GR.,, -   ,0.00, -   ,0.00, -   ,0.00, -   ,, -   , -   , -   , -   ,  ,  ,, -   , -   , -   ,,  , -   ,, -   ,,,,,,
,,,m,SARGENT'S PURCHASE,, -   ,0.00, -   ,0.00, -   ,0.00, -   ,, -   , -   ," 2,608 "," 2,328,495.74 ",  ,  ,, -   , -   , -   ,,  , -   ,," 2,608.00 ",,,,,,
,,,n,SECOND COLLEGE GR.,, -   ,0.00, -   ,0.00, -   ,0.00, -   ,, -   , -   ," 1,901 "," 1,697,371.11 ",  ,  ,, -   , -   , -   ,,  , -   ,," 1,901.00 ",,,,,,
,,,o,THOM. & MES. PURCH.,, -   ,0.00, -   ,0.00, -   ,0.00, -   ,, -   , -   ," 8,199 "," 7,350,926.44 ",  ,  ,, -   , -   , -   ,,  , -   ,," 8,199.00 ",,,,,,
,,,,,,,,,,,,,,,,,,,,,,,,,,,,,,,,,,
,,,,,,,,,,,,,,,,,,,,,,,,,,,,,,,,,,
,,,,,,,,,,,,,,,,,,,,,,,,,, -   ,,,,,,,,
,,,,,,,,,,,,,,,,,,,,,,,,,,,,,,,,,,
,,,,,,,,,,,,,,,,,,,,,,,,,,,,,,,,,,
,,,,,,,,,,,,,,,,,,,,,,,,,,,,,,,,,,
,,,,,,,,,,,,,,,,,,,,,,,,,,,,,,,,,,
,,,,,,,,,,,,,,,,,,,,,,,,,,,,,,,,,,
,,,,,,,,,,,,,,,,,,,,,,,,,,,,,,,,,,
,,,,,,,,,,,,,,,,,,,,,,,,,,,,,,,,,,
,,,,,,,,,,,,,,,,,,,,,,,,,,,,,,,,,,
,,,,,,,,,,,,,,,,,,,,,,,,,,,,,,,,,,
,,,,,,,,,,,,,,,,,,,,,,,,,,,,,,,,,,
,,,,,,,,,,,,,,,,,,,,,,,,,,,,,,,,,,
,,,,,,,,,,,,,,,,,,,,,,,,,,,,,,,,,,
,,,,,,,,,,,,,,,,,,,,,,,,,,,,,,,,,,
,,,,,,,,,,,,,,,,,,,,,,,,,,,,,,,,,,
,,,,,,,,,,,,,,,,,,,,,,,,,,,,,,,,,,
,,,,,,,,,,,,,,,,,,,,,,,,,,,,,,,,,,
,,,,,,,,,,,,,,,,,,,,,,,,,,,,,,,,,,
,,,,,,,,,,,,,,,,,,,,,,,,,,,,,,,,,,
,,,,,,,,,,,,,,,,,,,,,,,,,,,,,,,,,,
,,,,,,,,,,,,,,,,,,,,,,,,,,,,,,,,,,
,,,,,,,,,,,,,,,,,,,,,,,,,,,,,,,,,,
,,,,,,,,,,,,,,,,,,,,,,,,,,,,,,,,,,
,,,,,,,,,,,,,,,,,,,,,,,,,,,,,,,,,,
,,,,,,,,,,,,,,,,,,,,,,,,,,,,,,,,,,
,,,,,,,,,,,,,,,,,,,,,,,,,,,,,,,,,,
,,,,,,,,,,,,,,,,,,,,,,,,,,,,,,,,,,
,,,,,,,,,,,,,,,,,,,,,,,,,,,,,,,,,,
,,,,,,,,,,,,,,,,,,,,,,,,,,,,,,,,,,
,,,,,,,,,,,,,,,,,,,,,,,,,,,,,,,,,,
,,,,,,,,,,,,,,,,,,,,,,,,,,,,,,,,,,
,,,,,,,,,,,,,,,,,,,,,,,,,,,,,,,,,,
,,,,,,,,,,,,,,,,,,,,,,,,,,,,,,,,,,
,,,,,,,,,,,,,,,,,,,,,,,,,,,,,,,,,,
,,,,,,,,,,,,,,,,,,,,,,,,,,,,,,,,,,
,,,,,,,,,,,,,,,,,,,,,,,,,,,,,,,,,,
,,,,,,,,,,,,,,,,,,,,,,,,,,,,,,,,,,
,,,,,,,,,,,,,,,,,,,,,,,,,,,,,,,,,,
,,,,,,,,,,,,,,,,,,,,,,,,,,,,,,,,,,
,,,,,,,,,,,,,,,,,,,,,,,,,,,,,,,,,,
,,,,,,,,,,,,,,,,,,,,,,,,,,,,,,,,,,
,,,,,,,,,,,,,,,,,,,,,,,,,,,,,,,,,,
,,,,,,,,,,,,,,,,,,,,,,,,,,,,,,,,,,
,,,,,,,,,,,,,,,,,,,,,,,,,,,,,,,,,,
,,,,,,,,,,,,,,,,,,,,,,,,,,,,,,,,,,
,,,,,,,,,,,,,,,,,,,,,,,,,,,,,,,,,,
,,,,,,,,,,,,,,,,,,,,,,,,,,,,,,,,,,
,,,,,,,,,,,,,,,,,,,,,,,,,,,,,,,,,,
,,,,,,,,,,,,,,,,,,,,,,,,,,,,,,,,,,
,,,,,,,,,,,,,,,,,,,,,,,,,,,,,,,,,,
,,,,,,,,,,,,,,,,,,,,,,,,,,,,,,,,,,
,,,,,,,,,,,,,,,,,,,,,,,,,,,,,,,,,,
,,,,,,,,,,,,,,,,,,,,,,,,,,,,,,,,,,
,,,,,,,,,,,,,,,,,,,,,,,,,,,,,,,,,,
,,,,,,,,,,,,,,,,,,,,,,,,,,,,,,,,,,
,,,,,,,,,,,,,,,,,,,,,,,,,,,,,,,,,,
,,,,,,,,,,,,,,,,,,,,,,,,,,,,,,,,,,
,,,,,,,,,,,,,,,,,,,,,,,,,,,,,,,,,,
,,,,,,,,,,,,,,,,,,,,,,,,,,,,,,,,,,
,,,,,,,,,,,,,,,,,,,,,,,,,,,,,,,,,,
,,,,,,,,,,,,,,,,,,,,,,,,,,,,,,,,,,
,,,,,,,,,,,,,,,,,,,,,,,,,,,,,,,,,,
,,,,,,,,,,,,,,,,,,,,,,,,,,,,,,,,,,
,,,,,,,,,,,,,,,,,,,,,,,,,,,,,,,,,,
,,,,,,,,,,,,,,,,,,,,,,,,,,,,,,,,,,
,,,,,,,,,,,,,,,,,,,,,,,,,,,,,,,,,,
,,,,,,,,,,,,,,,,,,,,,,,,,,,,,,,,,,
,,,,,,,,,,,,,,,,,,,,,,,,,,,,,,,,,,
,,,,,,,,,,,,,,,,,,,,,,,,,,,,,,,,,,
,,,,,,,,,,,,,,,,,,,,,,,,,,,,,,,,,,
,,,,,,,,,,,,,,,,,,,,,,,,,,,,,,,,,,
,,,,,,,,,,,,,,,,,,,,,,,,,,,,,,,,,,
,,,,,,,,,,,,,,,,,,,,,,,,,,,,,,,,,,
,,,,,,,,,,,,,,,,,,,,,,,,,,,,,,,,,,
,,,,,,,,,,,,,,,,,,,,,,,,,,,,,,,,,,
,,,,,,,,,,,,,,,,,,,,,,,,,,,,,,,,,,
,,,,,,,,,,,,,,,,,,,,,,,,,,,,,,,,,,
,,,,,,,,,,,,,,,,,,,,,,,,,,,,,,,,,,
,,,,,,,,,,,,,,,,,,,,,,,,,,,,,,,,,,
,,,,,,,,,,,,,,,,,,,,,,,,,,,,,,,,,,
,,,,,,,,,,,,,,,,,,,,,,,,,,,,,,,,,,
,,,,,,,,,,,,,,,,,,,,,,,,,,,,,,,,,,
,,,,,,,,,,,,,,,,,,,,,,,,,,,,,,,,,,
,,,,,,,,,,,,,,,,,,,,,,,,,,,,,,,,,,
,,,,,,,,,,,,,,,,,,,,,,,,,,,,,,,,,,
,,,,,,,,,,,,,,,,,,,,,,,,,,,,,,,,,,
,,,,,,,,,,,,,,,,,,,,,,,,,,,,,,,,,,
,,,,,,,,,,,,,,,,,,,,,,,,,,,,,,,,,,
,,,,,,,,,,,,,,,,,,,,,,,,,,,,,,,,,,
,,,,,,,,,,,,,,,,,,,,,,,,,,,,,,,,,,
,,,,,,,,,,,,,,,,,,,,,,,,,,,,,,,,,,
,,,,,,,,,,,,,,,,,,,,,,,,,,,,,,,,,,
,,,,,,,,,,,,,,,,,,,,,,,,,,,,,,,,,,
,,,,,,,,,,,,,,,,,,,,,,,,,,,,,,,,,,
,,,,,,,,,,,,,,,,,,,,,,,,,,,,,,,,,,
,,,,,,,,,,,,,,,,,,,,,,,,,,,,,,,,,,
,,,,,,,,,,,,,,,,,,,,,,,,,,,,,,,,,,
,,,,,,,,,,,,,,,,,,,,,,,,,,,,,,,,,,
,,,,,,,,,,,,,,,,,,,,,,,,,,,,,,,,,,
,,,,,,,,,,,,,,,,,,,,,,,,,,,,,,,,,,
,,,,,,,,,,,,,,,,,,,,,,,,,,,,,,,,,,
,,,,,,,,,,,,,,,,,,,,,,,,,,,,,,,,,,
,,,,,,,,,,,,,,,,,,,,,,,,,,,,,,,,,,
,,,,,,,,,,,,,,,,,,,,,,,,,,,,,,,,,,
,,,,,,,,,,,,,,,,,,,,,,,,,,,,,,,,,,
,,,,,,,,,,,,,,,,,,,,,,,,,,,,,,,,,,
,,,,,,,,,,,,,,,,,,,,,,,,,,,,,,,,,,
,,,,,,,,,,,,,,,,,,,,,,,,,,,,,,,,,,
,,,,,,,,,,,,,,,,,,,,,,,,,,,,,,,,,,
,,,,,,,,,,,,,,,,,,,,,,,,,,,,,,,,,,
,,,,,,,,,,,,,,,,,,,,,,,,,,,,,,,,,,
,,,,,,,,,,,,,,,,,,,,,,,,,,,,,,,,,,
,,,,,,,,,,,,,,,,,,,,,,,,,,,,,,,,,,
,,,,,,,,,,,,,,,,,,,,,,,,,,,,,,,,,,
,,,,,,,,,,,,,,,,,,,,,,,,,,,,,,,,,,
,,,,,,,,,,,,,,,,,,,,,,,,,,,,,,,,,,
,,,,,,,,,,,,,,,,,,,,,,,,,,,,,,,,,,
,,,,,,,,,,,,,,,,,,,,,,,,,,,,,,,,,,
,,,,,,,,,,,,,,,,,,,,,,,,,,,,,,,,,,
,,,,,,,,,,,,,,,,,,,,,,,,,,,,,,,,,,
,,,,,,,,,,,,,,,,,,,,,,,,,,,,,,,,,,
,,,,,,,,,,,,,,,,,,,,,,,,,,,,,,,,,,
,,,,,,,,,,,,,,,,,,,,,,,,,,,,,,,,,,
,,,,,,,,,,,,,,,,,,,,,,,,,,,,,,,,,,
,,,,,,,,,,,,,,,,,,,,,,,,,,,,,,,,,,
,,,,,,,,,,,,,,,,,,,,,,,,,,,,,,,,,,
,,,,,,,,,,,,,,,,,,,,,,,,,,,,,,,,,,
,,,,,,,,,,,,,,,,,,,,,,,,,,,,,,,,,,
,,,,,,,,,,,,,,,,,,,,,,,,,,,,,,,,,,
,,,,,,,,,,,,,,,,,,,,,,,,,,,,,,,,,,
,,,,,,,,,,,,,,,,,,,,,,,,,,,,,,,,,,
,,,,,,,,,,,,,,,,,,,,,,,,,,,,,,,,,,
,,,,,,,,,,,,,,,,,,,,,,,,,,,,,,,,,,
,,,,,,,,,,,,,,,,,,,,,,,,,,,,,,,,,,
,,,,,,,,,,,,,,,,,,,,,,,,,,,,,,,,,,
,,,,,,,,,,,,,,,,,,,,,,,,,,,,,,,,,,
,,,,,,,,,,,,,,,,,,,,,,,,,,,,,,,,,,
,,,,,,,,,,,,,,,,,,,,,,,,,,,,,,,,,,
,,,,,,,,,,,,,,,,,,,,,,,,,,,,,,,,,,
,,,,,,,,,,,,,,,,,,,,,,,,,,,,,,,,,,
,,,,,,,,,,,,,,,,,,,,,,,,,,,,,,,,,,
,,,,,,,,,,,,,,,,,,,,,,,,,,,,,,,,,,
,,,,,,,,,,,,,,,,,,,,,,,,,,,,,,,,,,
,,,,,,,,,,,,,,,,,,,,,,,,,,,,,,,,,,
,,,,,,,,,,,,,,,,,,,,,,,,,,,,,,,,,,
,,,,,,,,,,,,,,,,,,,,,,,,,,,,,,,,,,
,,,,,,,,,,,,,,,,,,,,,,,,,,,,,,,,,,
,,,,,,,,,,,,,,,,,,,,,,,,,,,,,,,,,,
,,,,,,,,,,,,,,,,,,,,,,,,,,,,,,,,,,
,,,,,,,,,,,,,,,,,,,,,,,,,,,,,,,,,,
,,,,,,,,,,,,,,,,,,,,,,,,,,,,,,,,,,
,,,,,,,,,,,,,,,,,,,,,,,,,,,,,,,,,,
,,,,,,,,,,,,,,,,,,,,,,,,,,,,,,,,,,
,,,,,,,,,,,,,,,,,,,,,,,,,,,,,,,,,,
,,,,,,,,,,,,,,,,,,,,,,,,,,,,,,,,,,
,,,,,,,,,,,,,,,,,,,,,,,,,,,,,,,,,,
,,,,,,,,,,,,,,,,,,,,,,,,,,,,,,,,,,
,,,,,,,,,,,,,,,,,,,,,,,,,,,,,,,,,,
,,,,,,,,,,,,,,,,,,,,,,,,,,,,,,,,,,
,,,,,,,,,,,,,,,,,,,,,,,,,,,,,,,,,,
,,,,,,,,,,,,,,,,,,,,,,,,,,,,,,,,,,
,,,,,,,,,,,,,,,,,,,,,,,,,,,,,,,,,,
,,,,,,,,,,,,,,,,,,,,,,,,,,,,,,,,,,
,,,,,,,,,,,,,,,,,,,,,,,,,,,,,,,,,,
,,,,,,,,,,,,,,,,,,,,,,,,,,,,,,,,,,
,,,,,,,,,,,,,,,,,,,,,,,,,,,,,,,,,,
,,,,,,,,,,,,,,,,,,,,,,,,,,,,,,,,,,
,,,,,,,,,,,,,,,,,,,,,,,,,,,,,,,,,,
,,,,,,,,,,,,,,,,,,,,,,,,,,,,,,,,,,
,,,,,,,,,,,,,,,,,,,,,,,,,,,,,,,,,,
,,,,,,,,,,,,,,,,,,,,,,,,,,,,,,,,,,
,,,,,,,,,,,,,,,,,,,,,,,,,,,,,,,,,,
,,,,,,,,,,,,,,,,,,,,,,,,,,,,,,,,,,
,,,,,,,,,,,,,,,,,,,,,,,,,,,,,,,,,,
,,,,,,,,,,,,,,,,,,,,,,,,,,,,,,,,,,
,,,,,,,,,,,,,,,,,,,,,,,,,,,,,,,,,,
,,,,,,,,,,,,,,,,,,,,,,,,,,,,,,,,,,
,,,,,,,,,,,,,,,,,,,,,,,,,,,,,,,,,,
,,,,,,,,,,,,,,,,,,,,,,,,,,,,,,,,,,
,,,,,,,,,,,,,,,,,,,,,,,,,,,,,,,,,,
,,,,,,,,,,,,,,,,,,,,,,,,,,,,,,,,,,
,,,,,,,,,,,,,,,,,,,,,,,,,,,,,,,,,,
,,,,,,,,,,,,,,,,,,,,,,,,,,,,,,,,,,
,,,,,,,,,,,,,,,,,,,,,,,,,,,,,,,,,,
,,,,,,,,,,,,,,,,,,,,,,,,,,,,,,,,,,
,,,,,,,,,,,,,,,,,,,,,,,,,,,,,,,,,,
,,,,,,,,,,,,,,,,,,,,,,,,,,,,,,,,,,
,,,,,,,,,,,,,,,,,,,,,,,,,,,,,,,,,,
,,,,,,,,,,,,,,,,,,,,,,,,,,,,,,,,,,
,,,,,,,,,,,,,,,,,,,,,,,,,,,,,,,,,,
,,,,,,,,,,,,,,,,,,,,,,,,,,,,,,,,,,
,,,,,,,,,,,,,,,,,,,,,,,,,,,,,,,,,,
,,,,,,,,,,,,,,,,,,,,,,,,,,,,,,,,,,
,,,,,,,,,,,,,,,,,,,,,,,,,,,,,,,,,,
,,,,,,,,,,,,,,,,,,,,,,,,,,,,,,,,,,
,,,,,,,,,,,,,,,,,,,,,,,,,,,,,,,,,,
,,,,,,,,,,,,,,,,,,,,,,,,,,,,,,,,,,
,,,,,,,,,,,,,,,,,,,,,,,,,,,,,,,,,,
,,,,,,,,,,,,,,,,,,,,,,,,,,,,,,,,,,
,,,,,,,,,,,,,,,,,,,,,,,,,,,,,,,,,,
,,,,,,,,,,,,,,,,,,,,,,,,,,,,,,,,,,
,,,,,,,,,,,,,,,,,,,,,,,,,,,,,,,,,,
,,,,,,,,,,,,,,,,,,,,,,,,,,,,,,,,,,
,,,,,,,,,,,,,,,,,,,,,,,,,,,,,,,,,,
,,,,,,,,,,,,,,,,,,,,,,,,,,,,,,,,,,
,,,,,,,,,,,,,,,,,,,,,,,,,,,,,,,,,,
,,,,,,,,,,,,,,,,,,,,,,,,,,,,,,,,,,
