,,,,,,,,,,,,,,,,,,,,,,,,,,,,,,,,,,,,,,
,,,"District
Public School
Adequacy

SFY 2025",,Calculated Cost of an Adequate Education,,,,,,,,,,,"Statewide Education Property Tax (SWEPT)

($1.220 Equalized Tax)",Additional Aid,,,,"Preliminary Grant 

 Cost of Adequacy            Less SWEPT Plus Extraordinary Needs",Hold Harmless 104% of 2024,,,Hold Harmless 95% of 2025,,Adequacy Grant,,Final Total State Grant,,,,,,,,,
,,,,,Base Adequacy,,,,Special Education Aid,,English Language Learner Aid,,Home Education Aid,,Total Calculated Cost of an Adequate Education,,Extraordinary Grant,,,,,November 2022 Grant Estimate of FY 2024,104 Percent of the November 2022 Grant Estimate for FY 2024,"Hold Harmless Grant

(Ensures a District Receives At least 104 percent of the 11/15/22 estimate. ",Districts Guaranteed 95% of November 2023 Estiamte of FY 2025,95 Percent Hold Harmless," Adequacy Grant = Cost of an Adequacy Education, Minus SWEPT, Plus Extraordinary Needs Grant, Plus Hold Harmless Grant ",,"   
Adequacy Grant

&

SWEPT Grant",,,,,,,,,
,From EOY Data Excl Charter And OOS,,,, 2023-2024 Membership ,Base Adequacy Aid," 2023-2024
 F&R Membership ",Free or Reduced Differentiated Aid," 2023-2024
SPED Membership ",Special Education Differentiated Aid," 2023-2024
ELL Membership ",ELL Differentiated Aid,"2023-2024
Home Education Membership",Home Education Aid,,,Equalized Valuation,"Based on EV Per F&R Pupil (EVFRP) / 
Sliding Scale Grant with $8,670 per F&R for EVFRP Under $1.632 million and $0 for EVFRP over $6.732 million",,Extraordinary Needs Grant Award,,,,,,,,,,,                                   ,,,,,,,
,,,,,ADM,"$4,182.00 ",ADM,"$2,346.00 ",ADM,"$2,142.00 ",ADM,$816.00 ,ADM,"$4,182.00 ",,,,EV Per F&R,Aid Per F&R ADMR,Total,,,104.00%,,,,,,,,,,,,,,,
,,,Loc #,State Total,"154,925.43","647,898,128.65 ","41,749.19","97,943,593.71 ","31,471.30 ","67,411,519.29 ","5,454.57","4,450,925.24 ",39.46 ,"165,038.87 "," 817,869,205.76 "," 364,350,537 ","311,943,286,262",,," $158,650,596.05 "," 640,566,313.35 "," 598,639,134.52 "," 622,584,699.90 "," 59,449,971.16 ",, -   ," 700,016,284.46 ",,"1,064,366,821.46 ",,,,,,,,,
,,,,,,,,,,,,,,,,,,,,,,,,,,,,,,,,,,,,,,
,,,3,Acworth, 93.52 ," 391,086.42 ", 32.01 ," 75,098.04 ", 20.00 ," 42,840.00 ", -   , -   , -   , -   ," 509,024.46 "," 194,093 "," 164,192,007.88 "," 5,129,221.05 "," 2,724.72 "," 87,221.42 "," 402,152.88 "," 469,404.31 "," 488,180.48 ","86,027.60","488,180.48", -   ," 488,180.48 ",," 682,273.48 ",,,,,,,,,
5,Albany,TRUE,5,Albany, 69.56 ," 290,904.52 ", 36.09 ," 84,664.56 ", 16.67 ," 35,711.85 ", -   , -   , -   , -   ," 411,280.93 "," 228,375 "," 191,650,688.44 "," 5,310,516.21 "," 2,416.52 "," 87,209.64 "," 270,115.57 "," 501,333.96 "," 521,387.32 ","251,271.75","521,387.32", -   ," 521,387.32 ",," 749,762.32 ",,,,,,,,,
7,Alexandria,TRUE,7,Alexandria, 188.11 ," 786,680.62 ", 61.08 ," 143,290.16 ", 31.03 ," 66,462.19 ", 2.00 ," 1,632.00 ", -   , -   ," 998,064.97 "," 424,211 "," 369,943,351.57 "," 6,056,850.64 "," 1,147.75 "," 70,103.09 "," 643,957.06 "," 716,324.71 "," 744,977.70 ","101,020.64","744,977.70", -   ," 744,977.70 ",," 1,169,188.70 ",,,,,,,,,
9,Allenstown,TRUE,9,Allenstown, 481.18 ," 2,012,309.82 ", 189.96 ," 445,645.46 ", 105.58 ," 226,143.36 ", 7.00 ," 5,712.00 ", -   , -   ," 2,689,810.64 "," 636,500 "," 531,993,149.48 "," 2,800,557.96 "," 6,683.45 "," 1,269,586.44 "," 3,322,897.08 "," 4,313,608.12 "," 4,486,152.44 ","1,163,255.36","4,486,152.44", -   ," 4,486,152.44 ",," 5,122,652.44 ",,,,,,,,,
11,Alstead,TRUE,11,Alstead, 159.58 ," 667,353.94 ", 71.12 ," 166,852.68 ", 39.61 ," 84,847.19 ", -   , -   , -   , -   ," 919,053.81 "," 346,448 "," 291,524,014.57 "," 4,098,917.28 "," 4,476.24 "," 318,360.08 "," 890,965.89 "," 1,403,997.15 "," 1,460,157.04 ","569,191.15","1,460,157.04", -   ," 1,460,157.04 ",," 1,806,605.04 ",,,,,,,,,
15,Alton,TRUE,15,Alton, 571.12 ," 2,388,429.28 ", 113.73 ," 266,805.42 ", 136.82 ," 293,077.01 ", -   , -   , 1.28 ," 5,332.05 "," 2,953,643.76 "," 4,256,913 "," 3,509,643,443.69 "," 30,860,031.09 ", -   , -   , -   , -   , -   ,0.00,0.00, -   , -   ,," 4,256,913.00 ",,,,,,,,,
17,Amherst,TRUE,17,Amherst," 1,791.80 "," 7,493,301.33 ", 107.23 ," 251,568.85 ", 325.16 ," 696,496.15 ", 9.86 ," 8,042.17 ", -   , -   ," 8,449,408.50 "," 3,635,371 "," 3,064,881,522.92 "," 28,581,487.65 ", -   , -   ," 4,814,037.50 "," 4,212,115.74 "," 4,380,600.37 ",0.00,"4,782,023.87", -   ," 4,814,037.50 ",," 8,449,408.50 ",,,,,,,,,
19,Andover,TRUE,19,Andover, 256.40 ," 1,072,276.93 ", 79.54 ," 186,605.53 ", 63.38 ," 135,766.17 ", -   , -   , -   , -   ," 1,394,648.63 "," 566,207 "," 513,042,230.37 "," 6,449,953.87 ", 479.48 ," 38,138.67 "," 866,580.30 "," 1,018,250.18 "," 1,058,980.19 ","192,399.89","1,058,980.19", -   ," 1,058,980.19 ",," 1,625,187.19 ",,,,,,,,,
21,Antrim,TRUE,21,Antrim, 296.88 ," 1,241,561.36 ", 103.86 ," 243,646.18 ", 82.85 ," 177,472.63 ", 3.93 ," 3,208.02 ", -   , -   ," 1,665,888.19 "," 480,819 "," 451,787,666.18 "," 4,350,135.44 "," 4,049.17 "," 420,530.57 "," 1,605,599.76 "," 2,062,513.05 "," 2,145,013.57 ","539,413.81","2,145,013.57", -   ," 2,145,013.57 ",," 2,625,832.57 ",,,,,,,,,
23,Ashland,TRUE,23,Ashland, 214.92 ," 898,782.06 ", 73.22 ," 171,772.24 ", 36.35 ," 77,854.20 ", 1.64 ," 1,336.20 ", -   , -   ," 1,149,744.70 "," 540,623 "," 459,603,181.65 "," 6,277,085.54 ", 773.35 ," 56,624.40 "," 665,746.10 "," 783,972.32 "," 815,331.21 ","149,585.11","815,331.21", -   ," 815,331.21 ",," 1,355,954.21 ",,,,,,,,,
27,Atkinson,TRUE,27,Atkinson, 675.94 ," 2,826,773.55 ", 41.82 ," 98,109.49 ", 133.18 ," 285,279.91 ", 1.00 , 816.00 , -   , -   ," 3,210,978.95 "," 2,162,497 "," 1,794,119,024.99 "," 42,901,083.57 ", -   , -   ," 1,048,481.95 "," 645,760.17 "," 671,590.58 ",0.00,"959,453.70", -   ," 1,048,481.95 ",," 3,210,978.95 ",,,,,,,,,
29,Auburn,TRUE,29,Auburn, 910.03 ," 3,805,746.71 ", 64.88 ," 152,198.16 ", 116.52 ," 249,594.19 ", 10.86 ," 8,862.66 ", -   , -   ," 4,216,401.72 "," 1,724,951 "," 1,429,251,099.71 "," 22,030,641.72 ", -   , -   ," 2,491,450.72 "," 2,271,363.36 "," 2,362,217.89 ",0.00,"2,468,205.65", -   ," 2,491,450.72 ",," 4,216,401.72 ",,,,,,,,,
31,Barnstead,TRUE,31,Barnstead, 641.21 ," 2,681,545.66 ", 164.96 ," 387,006.72 ", 146.58 ," 313,977.36 ", 1.00 , 816.00 , 0.53 ," 2,195.55 "," 3,385,541.29 "," 1,274,986 "," 1,067,813,023.75 "," 6,472,986.76 ", 440.32 ," 72,637.58 "," 2,183,192.87 "," 2,897,182.28 "," 3,013,069.57 ","829,876.70","3,013,069.57", -   ," 3,013,069.57 ",," 4,288,055.57 ",,,,,,,,,
33,Barrington,TRUE,33,Barrington," 1,366.37 "," 5,714,165.61 ", 171.23 ," 401,716.61 ", 282.79 ," 605,743.03 ", 10.71 ," 8,736.99 ", -   , -   ," 6,730,362.24 "," 2,134,872 "," 1,791,481,648.76 "," 10,462,141.43 ", -   , -   ," 4,595,490.24 "," 4,715,737.65 "," 4,904,367.16 ","308,876.92","4,904,367.16", -   ," 4,904,367.16 ",," 7,039,239.16 ",,,,,,,,,
35,Bartlett,TRUE,35,Bartlett, 217.15 ," 908,115.03 ", 73.52 ," 172,483.32 ", 43.49 ," 93,162.65 ", 1.00 , 816.00 , 0.15 , 627.30 ," 1,175,204.30 "," 2,467,113 "," 2,039,435,437.00 "," 27,739,004.86 ", -   , -   , -   , -   , -   ,0.00,0.00, -   , -   ,," 2,467,113.00 ",,,,,,,,,
39,Bath,TRUE,39,Bath, 112.51 ," 470,534.38 ", 23.83 ," 55,897.67 ", 21.73 ," 46,542.88 ", -   , -   , -   , -   ," 572,974.93 "," 209,988 "," 211,442,796.53 "," 8,874,158.36 ", -   , -   ," 362,986.93 "," 640,212.75 "," 665,821.26 ","302,834.33","665,821.26", -   ," 665,821.26 ",," 875,809.26 ",,,,,,,,,
41,Bedford,TRUE,41,Bedford," 3,891.19 "," 16,272,944.45 ", 258.74 ," 606,999.11 ", 621.22 ," 1,330,644.46 ", 83.21 ," 67,901.40 ", 0.75 ," 3,136.50 "," 18,281,625.92 "," 7,402,341 "," 6,169,237,848.11 "," 23,843,580.12 ", -   , -   ," 10,879,284.92 "," 9,727,478.59 "," 10,116,577.73 ",0.00,"10,788,365.40", -   ," 10,879,284.92 ",," 18,281,625.92 ",,,,,,,,,
43,Belmont,TRUE,43,Belmont, 867.07 ," 3,626,099.70 ", 301.98 ," 708,452.59 ", 196.03 ," 419,900.76 ", 3.10 ," 2,529.11 ", 1.05 ," 4,391.10 "," 4,761,373.26 "," 1,481,978 "," 1,238,375,745.33 "," 4,100,810.06 "," 4,473.02 "," 1,350,777.77 "," 4,630,173.03 "," 4,434,754.40 "," 4,612,144.58 ",0.00,"4,612,144.58", -   ," 4,630,173.03 ",," 6,112,151.03 ",,,,,,,,,
45,Bennington,TRUE,45,Bennington, 197.95 ," 827,836.94 ", 62.15 ," 145,810.47 ", 60.49 ," 129,579.65 ", -   , -   , -   , -   ," 1,103,227.06 "," 226,550 "," 191,849,775.48 "," 3,086,743.89 "," 6,196.94 "," 385,156.89 "," 1,261,833.95 "," 1,277,040.15 "," 1,328,121.76 ","66,287.81","1,328,121.76", -   ," 1,328,121.76 ",," 1,554,671.76 ",,,,,,,,,
47,Benton,TRUE,47,Benton, 22.10 ," 92,411.33 ", 10.00 ," 23,460.00 ", 9.00 ," 19,278.00 ", -   , -   , -   , -   ," 135,149.33 "," 53,455 "," 45,980,000.86 "," 4,598,000.09 "," 3,627.80 "," 36,278.00 "," 117,972.33 "," 129,544.34 "," 134,726.11 ","16,753.78","134,726.11", -   ," 134,726.11 ",," 188,181.11 ",,,,,,,,,
51,Berlin,TRUE,51,Berlin, 933.02 ," 3,901,872.49 ", 521.32 ," 1,223,010.15 ", 199.13 ," 426,538.39 ", 2.11 ," 1,719.56 ", 0.98 ," 4,077.45 "," 5,557,218.04 "," 660,392 "," 799,172,880.33 "," 1,532,987.75 "," 8,670.00 "," 4,519,820.12 "," 9,416,646.16 "," 10,453,466.90 "," 10,871,605.58 ","1,454,959.42","10,871,605.58", -   ," 10,871,605.58 ",," 11,531,997.58 ",,,,,,,,,
53,Bethlehem,TRUE,53,Bethlehem, 251.06 ," 1,049,925.81 ", 84.98 ," 199,369.65 ", 45.30 ," 97,030.89 ", -   , -   , -   , -   ," 1,346,326.35 "," 632,202 "," 534,227,142.35 "," 6,286,297.25 ", 757.69 ," 64,391.01 "," 778,515.36 "," 1,203,989.05 "," 1,252,148.61 ","473,633.25","1,252,148.61", -   ," 1,252,148.61 ",," 1,884,350.61 ",,,,,,,,,
55,Boscawen,TRUE,55,Boscawen, 471.90 ," 1,973,491.65 ", 150.24 ," 352,471.25 ", 108.66 ," 232,739.87 ", 3.84 ," 3,130.34 ", -   , -   ," 2,561,833.11 "," 525,185 "," 451,056,422.35 "," 3,002,169.29 "," 6,340.71 "," 952,650.79 "," 2,989,298.90 "," 3,066,101.87 "," 3,188,745.94 ","199,447.04","3,188,745.94", -   ," 3,188,745.94 ",," 3,713,930.94 ",,,,,,,,,
57,Bow,TRUE,57,Bow," 1,407.09 "," 5,884,431.98 ", 84.52 ," 198,278.52 ", 224.81 ," 481,532.74 ", 11.12 ," 9,072.29 ", 0.02 , 63.57 ," 6,573,379.10 "," 2,244,239 "," 1,996,841,785.01 "," 23,626,314.78 ", -   , -   ," 4,329,140.10 "," 4,309,246.31 "," 4,481,616.16 ","152,476.07","4,481,616.16", -   ," 4,481,616.16 ",," 6,725,855.16 ",,,,,,,,,
59,Bradford,TRUE,59,Bradford, 201.65 ," 843,319.12 ", 39.75 ," 93,253.50 ", 40.98 ," 87,778.52 ", -   , -   , -   , -   ," 1,024,351.14 "," 439,737 "," 366,774,922.89 "," 9,227,042.09 ", -   , -   ," 584,614.14 "," 759,414.80 "," 789,791.39 ","205,177.25","789,791.39", -   ," 789,791.39 ",," 1,229,528.39 ",,,,,,,,,
63,Brentwood,TRUE,63,Brentwood, 636.55 ," 2,662,046.25 ", 46.16 ," 108,297.46 ", 124.92 ," 267,569.00 ", 3.00 ," 2,448.00 ", -   , -   ," 3,040,360.71 "," 1,189,022 "," 1,010,668,987.01 "," 21,893,675.55 ", -   , -   ," 1,851,338.71 "," 1,554,460.35 "," 1,616,638.76 ",0.00,"1,864,982.37", -   ," 1,851,338.71 ",," 3,040,360.71 ",,,,,,,,,
65,Bridgewater,TRUE,65,Bridgewater, 81.77 ," 341,950.01 ", 21.87 ," 51,308.90 ", 11.41 ," 24,440.65 ", 2.00 ," 1,632.00 ", -   , -   ," 419,331.56 "," 778,550 "," 647,807,769.65 "," 29,619,756.46 ", -   , -   , -   , -   , -   ,0.00,0.00, -   , -   ,," 778,550.00 ",,,,,,,,,
67,Bristol,TRUE,67,Bristol, 346.26 ," 1,448,071.45 ", 154.72 ," 362,979.92 ", 53.72 ," 115,057.53 ", 2.32 ," 1,893.28 ", -   , -   ," 1,928,002.18 "," 1,127,921 "," 954,821,699.55 "," 6,171,172.46 ", 953.41 ," 147,513.87 "," 947,595.05 "," 855,142.35 "," 889,348.04 ",0.00,"889,348.04", -   ," 947,595.05 ",," 2,075,516.05 ",,,,,,,,,
69,Brookfield,TRUE,69,Brookfield, 78.18 ," 326,942.91 ", 14.18 ," 33,263.00 ", 7.00 ," 14,994.00 ", -   , -   , -   , -   ," 375,199.91 "," 230,842 "," 191,569,043.08 "," 13,511,139.54 ", -   , -   ," 144,357.91 "," 209,001.78 "," 217,361.85 ","73,003.94","217,361.85", -   ," 217,361.85 ",," 448,203.85 ",,,,,,,,,
71,Brookline,TRUE,71,Brookline," 1,068.34 "," 4,467,814.61 ", 64.39 ," 151,047.68 ", 176.60 ," 378,270.35 ", 11.84 ," 9,663.64 ", 0.45 ," 1,881.90 "," 5,008,678.18 "," 1,283,080 "," 1,066,580,753.18 "," 16,565,619.94 ", -   , -   ," 3,725,598.18 "," 4,204,790.90 "," 4,372,982.54 ","647,384.36","4,372,982.54", -   ," 4,372,982.54 ",," 5,656,062.54 ",,,,,,,,,
73,Cambridge,TRUE,73,Cambridge, -   , -   , -   , -   , -   , -   , -   , -   , -   , -   , -   ," 15,417 "," 12,962,472.15 ", -   ,  , -   , -   , -   , -   ,0.00,0.00, -   , -   ,," 15,417.00 ",,,,,,,,,
75,Campton,TRUE,75,Campton, 399.99 ," 1,672,774.91 ", 120.58 ," 282,874.58 ", 79.16 ," 169,562.86 ", 3.99 ," 3,254.94 ", -   , -   ," 2,128,467.29 "," 966,675 "," 816,663,684.42 "," 6,772,941.57 ", -   , -   ," 1,161,792.29 "," 1,787,443.67 "," 1,858,941.42 ","697,149.13","1,858,941.42", -   ," 1,858,941.42 ",," 2,825,616.42 ",,,,,,,,,
77,Canaan,TRUE,77,Canaan, 395.80 ," 1,655,243.96 ", 116.74 ," 273,860.78 ", 79.39 ," 170,063.45 ", 0.46 , 376.26 , -   , -   ," 2,099,544.45 "," 726,437 "," 605,104,389.35 "," 5,183,564.08 "," 2,632.34 "," 307,286.86 "," 1,680,394.31 "," 2,509,910.81 "," 2,610,307.24 ","929,912.93","2,610,307.24", -   ," 2,610,307.24 ",," 3,336,744.24 ",,,,,,,,,
79,Candia,TRUE,79,Candia, 417.11 ," 1,744,370.75 ", 58.00 ," 136,074.10 ", 59.38 ," 127,185.75 ", -   , -   , -   , -   ," 2,007,630.60 "," 939,872 "," 784,938,919.02 "," 13,532,822.99 ", -   , -   ," 1,067,758.60 "," 893,018.90 "," 928,739.66 ",0.00,"1,068,526.37", -   ," 1,067,758.60 ",," 2,007,630.60 ",,,,,,,,,
81,Canterbury,TRUE,81,Canterbury, 219.20 ," 916,704.02 ", 41.84 ," 98,151.48 ", 41.00 ," 87,822.00 ", 3.00 ," 2,448.00 ", -   , -   ," 1,105,125.50 "," 599,824 "," 502,952,654.93 "," 12,021,489.06 ", -   , -   ," 505,301.50 "," 468,978.28 "," 487,737.41 ",0.00,"497,489.99", -   ," 505,301.50 ",," 1,105,125.50 ",,,,,,,,,
83,Carroll,TRUE,83,Carroll, 59.26 ," 247,827.83 ", 15.56 ," 36,500.01 ", 6.75 ," 14,460.43 ", 2.70 ," 2,205.00 ", -   , -   ," 300,993.27 "," 776,010 "," 642,161,920.64 "," 41,274,290.46 ", -   , -   , -   , -   , -   ,0.00,0.00, -   , -   ,," 776,010.00 ",,,,,,,,,
87,Center Harbor,TRUE,87,Center Harbor, 100.32 ," 419,549.11 ", 13.60 ," 31,911.23 ", 16.73 ," 35,829.88 ", -   , -   , 1.05 ," 4,391.10 "," 491,681.32 "," 985,771 "," 813,038,794.06 "," 59,771,716.32 ", -   , -   , -   , -   , -   ,0.00,0.00, -   , -   ,," 985,771.00 ",,,,,,,,,
89,Charlestown,TRUE,89,Charlestown, 606.71 ," 2,537,280.88 ", 282.29 ," 662,256.09 ", 159.16 ," 340,914.51 ", 5.19 ," 4,234.14 ", -   , -   ," 3,544,685.62 "," 553,482 "," 486,393,409.95 "," 1,723,017.65 "," 8,515.27 "," 2,403,789.19 "," 5,394,992.81 "," 5,402,583.26 "," 5,618,686.59 ","223,693.78","5,618,686.59", -   ," 5,618,686.59 ",," 6,172,168.59 ",,,,,,,,,
91,Chatham,TRUE,91,Chatham, 41.62 ," 174,064.88 ", 5.57 ," 13,059.71 ", 10.45 ," 22,383.90 ", -   , -   , -   , -   ," 209,508.49 "," 97,510 "," 82,116,510.17 "," 14,751,115.57 ", -   , -   ," 111,998.49 "," 72,461.61 "," 75,360.07 ",0.00,"88,978.04", -   ," 111,998.49 ",," 209,508.49 ",,,,,,,,,
93,Chester,TRUE,93,Chester, 721.61 ," 3,017,752.95 ", 42.76 ," 100,325.99 ", 135.13 ," 289,451.89 ", 11.00 ," 8,976.00 ", -   , -   ," 3,416,506.83 "," 1,248,471 "," 1,096,025,080.93 "," 25,629,200.74 ", -   , -   ," 2,168,035.83 "," 2,481,061.62 "," 2,580,304.08 ","412,268.25","2,580,304.08", -   ," 2,580,304.08 ",," 3,828,775.08 ",,,,,,,,,
95,Chesterfield,TRUE,95,Chesterfield, 369.61 ," 1,545,695.64 ", 66.90 ," 156,951.39 ", 44.87 ," 96,119.68 ", 3.70 ," 3,016.02 ", -   , -   ," 1,801,782.73 "," 976,537 "," 811,877,203.25 "," 12,135,374.78 ", -   , -   ," 825,245.73 "," 794,047.20 "," 825,809.09 ",563.36,"825,809.09", -   ," 825,809.09 ",," 1,802,346.09 ",,,,,,,,,
99,Chichester,TRUE,99,Chichester, 275.73 ," 1,153,081.95 ", 44.09 ," 103,437.02 ", 44.65 ," 95,641.37 ", 1.64 ," 1,337.91 ", -   , -   ," 1,353,498.25 "," 613,390 "," 512,804,333.45 "," 11,630,642.53 ", -   , -   ," 740,108.25 "," 848,000.07 "," 881,920.07 ","141,811.82","881,920.07", -   ," 881,920.07 ",," 1,495,310.07 ",,,,,,,,,
101,Claremont,TRUE,101,Claremont," 1,507.05 "," 6,302,480.17 ", 681.64 ," 1,599,122.75 ", 378.00 ," 809,684.78 ", 15.70 ," 12,814.22 ", 1.35 ," 5,658.25 "," 8,729,760.17 "," 1,575,757 "," 1,363,781,794.33 "," 2,000,742.03 "," 8,043.14 "," 5,482,508.88 "," 12,636,512.05 "," 13,734,077.13 "," 14,283,440.22 ","1,646,928.17","14,283,440.22", -   ," 14,283,440.22 ",," 15,859,197.22 ",,,,,,,,,
103,Clarksville,TRUE,103,Clarksville, 18.14 ," 75,858.13 ", 6.14 ," 14,402.56 ", 2.49 ," 5,331.22 ", -   , -   , 0.38 ," 1,568.25 "," 97,160.16 "," 112,669 "," 95,458,857.57 "," 15,549,071.14 ", -   , -   , -   , -   , -   ,0.00,0.00, -   , -   ,," 112,669.00 ",,,,,,,,,
105,Colebrook,TRUE,105,Colebrook, 212.59 ," 889,056.82 ", 94.55 ," 221,807.26 ", 47.17 ," 101,032.36 ", -   , -   , 0.15 , 627.30 ," 1,212,523.74 "," 383,885 "," 346,916,480.12 "," 3,669,248.95 "," 5,206.68 "," 492,275.67 "," 1,320,914.41 "," 1,986,703.29 "," 2,066,171.42 ","745,257.01","2,066,171.42", -   ," 2,066,171.42 ",," 2,450,056.42 ",,,,,,,,,
107,Columbia,TRUE,107,Columbia, 50.68 ," 211,929.96 ", 18.66 ," 43,774.72 ", 12.21 ," 26,157.46 ", -   , -   , -   , -   ," 281,862.14 "," 145,087 "," 165,364,567.16 "," 8,862,313.55 ", -   , -   ," 136,775.14 "," 325,697.98 "," 338,725.90 ","201,950.76","338,725.90", -   ," 338,725.90 ",," 483,812.90 ",,,,,,,,,
111,Concord,TRUE,111,Concord," 3,625.59 "," 15,162,208.18 "," 1,380.38 "," 3,238,381.80 ", 731.46 ," 1,566,789.25 ", 180.37 ," 147,183.55 ", 0.75 ," 3,136.50 "," 20,117,699.28 "," 7,093,067 "," 6,119,404,463.00 "," 4,433,116.21 "," 3,908.10 "," 5,394,683.64 "," 18,419,315.92 "," 14,954,400.03 "," 15,552,576.03 ",0.00,"19,024,873.06", -   ," 18,419,315.92 ",," 25,512,382.92 ",,,,,,,,,
113,Conway,TRUE,113,Conway," 1,054.87 "," 4,411,486.83 ", 416.77 ," 977,750.16 ", 194.73 ," 417,101.81 ", 18.00 ," 14,688.00 ", 0.60 ," 2,509.20 "," 5,823,536.00 "," 3,602,520 "," 3,056,995,488.68 "," 7,334,912.02 ", -   , -   ," 2,221,016.00 "," 2,503,511.40 "," 2,603,651.86 ","382,635.86","2,603,651.86", -   ," 2,603,651.86 ",," 6,206,171.86 ",,,,,,,,,
115,Cornish,TRUE,115,Cornish, 160.21 ," 669,983.16 ", 15.60 ," 36,605.11 ", 25.36 ," 54,318.98 ", -   , -   , -   , -   ," 760,907.25 "," 309,059 "," 261,277,557.58 "," 16,745,126.49 ", -   , -   ," 451,848.25 "," 767,288.17 "," 797,979.70 ","346,131.45","797,979.70", -   ," 797,979.70 ",," 1,107,038.70 ",,,,,,,,,
117,Croydon,TRUE,117,Croydon, 75.43 ," 315,434.46 ", 23.76 ," 55,738.85 ", 16.02 ," 34,304.34 ", -   , -   , -   , -   ," 405,477.65 "," 182,592 "," 160,644,110.69 "," 6,761,371.88 ", -   , -   ," 222,885.65 "," 363,375.15 "," 377,910.16 ","155,024.51","377,910.16", -   ," 377,910.16 ",," 560,502.16 ",,,,,,,,,
119,Dalton,TRUE,119,Dalton, 92.87 ," 388,386.10 ", 54.64 ," 128,182.86 ", 30.91 ," 66,203.44 ", -   , -   , -   , -   ," 582,772.40 "," 178,167 "," 164,568,498.80 "," 3,011,929.21 "," 6,324.12 "," 345,542.98 "," 750,148.38 "," 685,603.78 "," 713,027.93 ",0.00,"713,027.93", -   ," 750,148.38 ",," 928,315.38 ",,,,,,,,,
123,Danbury,TRUE,123,Danbury, 145.36 ," 607,887.99 ", 62.76 ," 147,241.29 ", 25.43 ," 54,474.27 ", 1.00 , 816.00 , -   , -   ," 810,419.55 "," 258,746 "," 216,780,915.36 "," 3,453,976.89 "," 5,572.64 "," 349,753.89 "," 901,427.44 "," 934,023.49 "," 971,384.43 ","69,956.99","971,384.43", -   ," 971,384.43 ",," 1,230,130.43 ",,,,,,,,,
125,Danville,TRUE,125,Danville, 566.86 ," 2,370,611.87 ", 96.37 ," 226,080.97 ", 125.14 ," 268,049.24 ", -   , -   , 0.45 ," 1,881.90 "," 2,866,623.98 "," 866,668 "," 736,376,844.50 "," 7,641,244.97 ", -   , -   ," 1,999,955.98 "," 2,662,309.05 "," 2,768,801.41 ","768,845.43","2,768,801.41", -   ," 2,768,801.41 ",," 3,635,469.41 ",,,,,,,,,
127,Deerfield,TRUE,127,Deerfield, 641.18 ," 2,681,424.38 ", 76.88 ," 180,349.22 ", 134.25 ," 287,555.36 ", 1.00 , 816.00 , -   , -   ," 3,150,144.96 "," 1,216,416 "," 1,105,420,690.32 "," 14,379,418.72 ", -   , -   ," 1,933,728.96 "," 2,167,249.40 "," 2,253,939.38 ","320,210.42","2,253,939.38", -   ," 2,253,939.38 ",," 3,470,355.38 ",,,,,,,,,
129,Deering,TRUE,129,Deering, 183.53 ," 767,527.48 ", 72.45 ," 169,957.14 ", 37.67 ," 80,685.93 ", 1.00 , 816.00 , -   , -   ," 1,018,986.55 "," 438,220 "," 378,461,475.11 "," 5,224,085.35 "," 2,563.45 "," 185,710.77 "," 766,477.32 "," 855,418.12 "," 889,634.84 ","123,157.52","889,634.84", -   ," 889,634.84 ",," 1,327,854.84 ",,,,,,,,,
131,Derry,TRUE,131,Derry," 4,500.54 "," 18,821,240.30 "," 1,083.05 "," 2,540,827.56 "," 1,019.74 "," 2,184,273.01 ", 54.07 ," 44,120.55 ", -   , -   ," 23,590,461.42 "," 6,368,359 "," 5,289,742,213.26 "," 4,884,131.23 "," 3,141.38 "," 3,402,257.89 "," 20,624,360.31 "," 24,175,956.90 "," 25,142,995.18 ","4,518,634.87","25,142,995.18", -   ," 25,142,995.18 ",," 31,511,354.18 ",,,,,,,,,
133,Dix's Grant,TRUE,133,Dix's Grant, -   , -   , -   , -   , -   , -   , -   , -   , -   , -   , -   ," 1,650 "," 1,352,285.28 ", -   ,  , -   , -   , -   , -   ,0.00,0.00, -   , -   ,," 1,650.00 ",,,,,,,,,
134,Dixville,TRUE,134,Dixville, -   , -   , -   , -   , -   , -   , -   , -   , -   , -   , -   ," 14,553 "," 43,788,977.15 ", -   ,  , -   , -   , -   , -   ,0.00,0.00, -   , -   ,," 14,553.00 ",,,,,,,,,
139,Dorchester,TRUE,139,Dorchester, 29.37 ," 122,834.54 ", 15.10 ," 35,424.60 ", 7.00 ," 14,994.00 ", 2.00 ," 1,632.00 ", -   , -   ," 174,885.14 "," 81,428 "," 68,596,653.91 "," 4,542,824.76 "," 3,721.60 "," 56,196.13 "," 149,653.27 "," 264,571.82 "," 275,154.69 ","125,501.42","275,154.69", -   ," 275,154.69 ",," 356,582.69 ",,,,,,,,,
141,Dover,TRUE,141,Dover," 3,307.90 "," 13,833,643.24 ", 926.03 ," 2,172,477.64 ", 700.69 ," 1,500,872.63 ", 114.74 ," 93,630.21 ", 0.83 ," 3,450.15 "," 17,604,073.87 "," 6,937,255 "," 5,798,769,649.75 "," 6,261,934.92 ", 799.11 ," 740,004.26 "," 11,406,823.13 "," 10,191,730.32 "," 10,599,399.53 ",0.00,"11,505,713.56", -   ," 11,406,823.13 ",," 18,344,078.13 ",,,,,,,,,
143,Dublin,TRUE,143,Dublin, 133.64 ," 558,882.06 ", 35.22 ," 82,632.69 ", 23.82 ," 51,016.23 ", 0.54 , 438.27 , -   , -   ," 692,969.25 "," 520,964 "," 432,340,432.64 "," 12,274,448.16 ", -   , -   ," 172,005.25 "," 175,204.67 "," 182,212.86 ","10,207.61","182,212.86", -   ," 182,212.86 ",," 703,176.86 ",,,,,,,,,
147,Dummer,TRUE,147,Dummer, 31.31 ," 130,917.51 ", 13.66 ," 32,035.33 ", 6.00 ," 12,852.00 ", -   , -   , -   , -   ," 175,804.84 "," 65,258 "," 151,232,678.64 "," 11,075,016.93 ", -   , -   ," 110,546.84 "," 110,708.85 "," 115,137.20 ","4,590.36","115,137.20", -   ," 115,137.20 ",," 180,395.20 ",,,,,,,,,
149,Dunbarton,TRUE,149,Dunbarton, 478.55 ," 2,001,295.26 ", 35.61 ," 83,532.85 ", 83.22 ," 178,264.52 ", -   , -   , -   , -   ," 2,263,092.63 "," 697,560 "," 609,967,822.06 "," 17,130,799.77 ", -   , -   ," 1,565,532.63 "," 1,351,766.93 "," 1,405,837.61 ",0.00,"1,537,470.79", -   ," 1,565,532.63 ",," 2,263,092.63 ",,,,,,,,,
151,Durham,TRUE,151,Durham, 886.12 ," 3,705,765.97 ", 53.41 ," 125,289.54 ", 143.20 ," 306,729.69 ", 20.54 ," 16,760.40 ", 0.45 ," 1,881.90 "," 4,156,427.50 "," 2,124,704 "," 1,843,008,917.20 "," 34,509,656.61 ", -   , -   ," 2,031,723.50 "," 1,476,723.72 "," 1,535,792.67 ",0.00,"2,027,487.15", -   ," 2,031,723.50 ",," 4,156,427.50 ",,,,,,,,,
153,East Kingston,TRUE,153,East Kingston, 278.61 ," 1,165,167.09 ", 21.42 ," 50,250.15 ", 72.06 ," 154,352.31 ", 1.00 , 816.00 , -   , -   ," 1,370,585.55 "," 648,795 "," 567,985,531.33 "," 26,517,217.08 ", -   , -   ," 721,790.55 "," 694,133.83 "," 721,899.18 ",108.63,"721,899.18", -   ," 721,899.18 ",," 1,370,694.18 ",,,,,,,,,
155,Easton,TRUE,155,Easton, 27.00 ," 112,914.00 ", 7.00 ," 16,422.00 ", 1.00 ," 2,142.00 ", -   , -   , -   , -   ," 131,478.00 "," 152,371 "," 126,781,629.91 "," 18,111,661.42 ", -   , -   , -   , -   , -   ,0.00,0.00, -   , -   ,," 152,371.00 ",,,,,,,,,
159,Eaton,TRUE,159,Eaton, 31.44 ," 131,495.88 ", 9.97 ," 23,392.20 ", 5.47 ," 11,721.45 ", -   , -   , -   , -   ," 166,609.53 "," 191,433 "," 158,623,879.50 "," 15,908,363.12 ", -   , -   , -   , -   , -   ,0.00,0.00, -   , -   ,," 191,433.00 ",,,,,,,,,
161,Effingham,TRUE,161,Effingham, 202.99 ," 848,911.29 ", 86.47 ," 202,853.93 ", 35.88 ," 76,846.82 ", -   , -   , -   , -   ," 1,128,612.04 "," 432,683 "," 361,756,288.29 "," 4,183,701.35 "," 4,332.11 "," 374,588.69 "," 1,070,517.73 "," 964,490.31 "," 1,003,069.92 ",0.00,"1,055,948.35", -   ," 1,070,517.73 ",," 1,503,200.73 ",,,,,,,,,
162,Ellsworth,TRUE,162,Ellsworth, 10.83 ," 45,300.68 ", 2.00 ," 4,692.00 ", 1.00 ," 2,142.00 ", -   , -   , -   , -   ," 52,134.68 "," 35,250 "," 29,575,920.79 "," 14,787,960.39 ", -   , -   ," 16,884.68 "," 49,660.61 "," 51,647.03 ","34,762.35","51,647.03", -   ," 51,647.03 ",," 86,897.03 ",,,,,,,,,
163,Enfield,TRUE,163,Enfield, 406.04 ," 1,698,071.83 ", 71.44 ," 167,592.14 ", 98.79 ," 211,617.60 ", 6.04 ," 4,927.74 ", -   , -   ," 2,082,209.31 "," 1,168,761 "," 972,114,584.05 "," 13,607,922.24 ", -   , -   ," 913,448.31 "," 947,432.60 "," 985,329.90 ","71,881.59","985,329.90", -   ," 985,329.90 ",," 2,154,090.90 ",,,,,,,,,
165,Epping,TRUE,165,Epping, 827.04 ," 3,458,663.30 ", 179.46 ," 421,011.28 ", 165.18 ," 353,811.92 ", 7.00 ," 5,712.00 ", -   , -   ," 4,239,198.50 "," 1,720,589 "," 1,436,274,317.66 "," 8,003,347.38 ", -   , -   ," 2,518,609.50 "," 3,064,152.24 "," 3,186,718.33 ","668,108.83","3,186,718.33", -   ," 3,186,718.33 ",," 4,907,307.33 ",,,,,,,,,
167,Epsom,TRUE,167,Epsom, 540.46 ," 2,260,216.27 ", 107.83 ," 252,975.98 ", 112.99 ," 242,016.23 ", 2.00 ," 1,632.00 ", -   , -   ," 2,756,840.48 "," 838,343 "," 697,401,213.74 "," 6,467,425.19 ", 449.78 ," 48,500.78 "," 1,966,998.26 "," 2,610,703.12 "," 2,715,131.24 ","748,132.98","2,715,131.24", -   ," 2,715,131.24 ",," 3,553,474.24 ",,,,,,,,,
171,Errol,TRUE,171,Errol, 17.11 ," 71,569.08 ", 1.00 ," 2,346.00 ", 2.00 ," 4,284.00 ", -   , -   , -   , -   ," 78,199.08 "," 166,117 "," 150,254,687.10 "," 150,254,687.10 ", -   , -   , -   , -   , -   ,0.00,0.00, -   , -   ,," 166,117.00 ",,,,,,,,,
173,Exeter,TRUE,173,Exeter," 1,784.48 "," 7,462,708.32 ", 283.86 ," 665,946.59 ", 348.23 ," 745,903.95 ", 29.32 ," 23,921.94 ", 1.44 ," 6,022.08 "," 8,904,502.88 "," 4,288,616 "," 3,585,599,863.95 "," 12,631,369.32 ", -   , -   ," 4,615,886.88 "," 4,125,955.82 "," 4,290,994.05 ",0.00,"4,575,707.44", -   ," 4,615,886.88 ",," 8,904,502.88 ",,,,,,,,,
175,Farmington,TRUE,175,Farmington, 714.24 ," 2,986,967.15 ", 306.90 ," 719,980.36 ", 154.05 ," 329,964.60 ", 1.00 , 816.00 , -   , -   ," 4,037,728.11 "," 1,138,686 "," 951,962,035.26 "," 3,101,894.24 "," 6,171.18 "," 1,893,916.57 "," 4,792,958.68 "," 5,846,857.74 "," 6,080,732.05 ","1,287,773.37","6,080,732.05", -   ," 6,080,732.05 ",," 7,219,418.05 ",,,,,,,,,
177,Fitzwilliam,TRUE,177,Fitzwilliam, 223.03 ," 932,706.02 ", 68.65 ," 161,049.38 ", 47.95 ," 102,706.97 ", 1.00 , 816.00 , -   , -   ," 1,197,278.37 "," 532,697 "," 502,884,695.08 "," 7,325,501.58 ", -   , -   ," 664,581.37 "," 821,365.27 "," 854,219.88 ","189,638.51","854,219.88", -   ," 854,219.88 ",," 1,386,916.88 ",,,,,,,,,
179,Francestown,TRUE,179,Francestown, 141.86 ," 593,240.12 ", 20.57 ," 48,252.76 ", 25.57 ," 54,766.87 ", -   , -   , -   , -   ," 696,259.75 "," 433,984 "," 361,293,670.03 "," 17,565,728.97 ", -   , -   ," 262,275.75 "," 434,712.91 "," 452,101.43 ","189,825.68","452,101.43", -   ," 452,101.43 ",," 886,085.43 ",,,,,,,,,
183,Franconia,TRUE,183,Franconia, 91.29 ," 381,773.94 ", 17.00 ," 39,882.00 ", 12.00 ," 25,704.00 ", -   , -   , -   , -   ," 447,359.94 "," 682,994 "," 567,912,068.93 "," 33,406,592.29 ", -   , -   , -   , -   , -   ,0.00,0.00, -   , -   ,," 682,994.00 ",,,,,,,,,
185,Franklin,TRUE,185,Franklin, 837.60 ," 3,502,854.07 ", 519.24 ," 1,218,145.02 ", 284.30 ," 608,960.10 ", 8.83 ," 7,207.81 ", -   , -   ," 5,337,167.00 "," 1,189,272 "," 1,077,068,321.85 "," 2,074,303.35 "," 7,918.08 "," 4,111,413.02 "," 8,259,308.02 "," 8,581,693.46 "," 8,924,961.20 ","665,653.18","8,924,961.20", -   ," 8,924,961.20 ",," 10,114,233.20 ",,,,,,,,,
187,Freedom,TRUE,187,Freedom, 102.60 ," 429,064.84 ", 43.32 ," 101,639.75 ", 31.68 ," 67,849.99 ", -   , -   , -   , -   ," 598,554.58 "," 1,274,070 "," 1,051,993,595.49 "," 24,281,612.92 ", -   , -   , -   , -   , -   ,0.00,0.00, -   , -   ,," 1,274,070.00 ",,,,,,,,,
189,Fremont,TRUE,189,Fremont, 509.34 ," 2,130,055.70 ", 71.85 ," 168,567.14 ", 112.82 ," 241,669.65 ", 1.55 ," 1,264.80 ", -   , -   ," 2,541,557.29 "," 986,775 "," 808,831,601.29 "," 11,256,754.78 ", -   , -   ," 1,554,782.29 "," 1,365,704.75 "," 1,420,332.94 ",0.00,"1,566,779.17", -   ," 1,554,782.29 ",," 2,541,557.29 ",,,,,,,,,
191,Gilford,TRUE,191,Gilford, 895.96 ," 3,746,894.27 ", 142.70 ," 334,775.37 ", 134.64 ," 288,395.88 ", 4.00 ," 3,264.00 ", -   , -   ," 4,373,329.52 "," 4,499,636 "," 3,717,053,285.37 "," 26,047,934.56 ", -   , -   , -   , -   , -   ,0.00,0.00, -   , -   ,," 4,499,636.00 ",,,,,,,,,
195,Gilmanton,TRUE,195,Gilmanton, 549.74 ," 2,299,017.70 ", 92.65 ," 217,345.40 ", 64.20 ," 137,514.04 ", 1.00 , 816.00 , -   , -   ," 2,654,693.14 "," 1,080,128 "," 897,794,741.00 "," 9,690,687.81 ", -   , -   ," 1,574,565.14 "," 1,403,657.77 "," 1,459,804.08 ",0.00,"1,541,817.89", -   ," 1,574,565.14 ",," 2,654,693.14 ",,,,,,,,,
197,Gilsum,TRUE,197,Gilsum, 73.30 ," 306,557.33 ", 39.04 ," 91,580.80 ", 14.77 ," 31,627.27 ", 2.00 ," 1,632.00 ", -   , -   ," 431,397.40 "," 118,786 "," 100,872,489.83 "," 2,584,022.59 "," 7,051.56 "," 275,271.81 "," 587,883.21 "," 544,212.78 "," 565,981.29 ",0.00,"565,981.29", -   ," 587,883.21 ",," 706,669.21 ",,,,,,,,,
199,Goffstown,TRUE,199,Goffstown," 2,166.71 "," 9,061,187.07 ", 350.93 ," 823,271.69 ", 464.70 ," 995,395.97 ", 31.02 ," 25,311.67 ", 0.81 ," 3,387.84 "," 10,908,554.24 "," 3,258,355 "," 2,794,287,029.88 "," 7,962,617.24 ", -   , -   ," 7,650,199.24 "," 7,539,444.29 "," 7,841,022.06 ","190,822.82","7,841,022.06", -   ," 7,841,022.06 ",," 11,099,377.06 ",,,,,,,,,
201,Gorham,TRUE,201,Gorham, 305.15 ," 1,276,145.66 ", 83.98 ," 197,010.04 ", 65.95 ," 141,263.83 ", -   , -   , -   , -   ," 1,614,419.53 "," 429,113 "," 432,198,534.76 "," 5,146,629.85 "," 2,695.13 "," 226,328.87 "," 1,411,635.40 "," 1,978,835.01 "," 2,057,988.41 ","646,353.01","2,057,988.41", -   ," 2,057,988.41 ",," 2,487,101.41 ",,,,,,,,,
203,Goshen,TRUE,203,Goshen, 81.94 ," 342,658.44 ", 34.25 ," 80,348.15 ", 17.52 ," 37,521.41 ", 1.00 , 816.00 , -   , -   ," 461,344.00 "," 158,287 "," 132,520,815.47 "," 3,869,333.86 "," 4,866.53 "," 166,673.87 "," 469,730.87 "," 441,170.46 "," 458,817.28 ",0.00,"458,817.28", -   ," 469,730.87 ",," 628,017.87 ",,,,,,,,,
209,Grafton,TRUE,209,Grafton, 144.14 ," 602,788.88 ", 63.72 ," 149,479.38 ", 39.23 ," 84,037.94 ", -   , -   , -   , -   ," 836,306.20 "," 263,669 "," 221,075,372.70 "," 3,469,661.37 "," 5,545.98 "," 353,371.27 "," 926,008.47 "," 842,149.37 "," 875,835.34 ",0.00,"875,835.34", -   ," 926,008.47 ",," 1,189,677.47 ",,,,,,,,,
211,Grantham,TRUE,211,Grantham, 434.50 ," 1,817,095.73 ", 21.20 ," 49,741.07 ", 51.63 ," 110,601.53 ", 3.00 ," 2,448.00 ", -   , -   ," 1,979,886.33 "," 1,034,381 "," 855,299,366.29 "," 40,339,552.71 ", -   , -   ," 945,505.33 "," 829,791.24 "," 862,982.89 ",0.00,"950,652.00", -   ," 945,505.33 ",," 1,979,886.33 ",,,,,,,,,
213,Greenfield,TRUE,213,Greenfield, 185.44 ," 775,505.06 ", 32.08 ," 75,257.80 ", 40.36 ," 86,448.98 ", 1.26 ," 1,030.53 ", -   , -   ," 938,242.37 "," 337,352 "," 282,320,505.44 "," 8,800,733.98 ", -   , -   ," 600,890.37 "," 925,986.74 "," 963,026.21 ","362,135.84","963,026.21", -   ," 963,026.21 ",," 1,300,378.21 ",,,,,,,,,
215,Greenland,TRUE,215,Greenland, 528.52 ," 2,210,275.66 ", 19.29 ," 45,256.22 ", 84.44 ," 180,866.20 ", 2.00 ," 1,632.00 ", -   , -   ," 2,438,030.08 "," 1,740,474 "," 1,471,394,338.24 "," 76,274,407.40 ", -   , -   ," 697,556.08 "," 615,499.03 "," 640,118.99 ",0.00,"689,617.04", -   ," 697,556.08 ",," 2,438,030.08 ",,,,,,,,,
219,Greenville,TRUE,219,Greenville, 227.37 ," 950,850.47 ", 99.81 ," 234,146.52 ", 52.30 ," 112,032.60 ", 1.74 ," 1,416.25 ", -   , -   ," 1,298,445.84 "," 237,049 "," 202,580,223.89 "," 2,029,725.70 "," 7,993.87 "," 797,841.42 "," 1,859,238.26 "," 2,108,678.05 "," 2,193,025.17 ","333,786.91","2,193,025.17", -   ," 2,193,025.17 ",," 2,430,074.17 ",,,,,,,,,
221,Groton,TRUE,221,Groton, 44.05 ," 184,219.61 ", 20.00 ," 46,920.00 ", 9.00 ," 19,278.00 ", -   , -   , -   , -   ," 250,417.61 "," 136,248 "," 229,170,312.14 "," 11,458,515.61 ", -   , -   ," 114,169.61 "," 285,464.84 "," 296,883.43 ","182,713.82","296,883.43", -   ," 296,883.43 ",," 433,131.43 ",,,,,,,,,
222,Hale's Location,TRUE,222,Hale's Location, 4.00 ," 16,728.00 ", -   , -   , -   , -   , -   , -   , -   , -   ," 16,728.00 "," 124,784 "," 102,738,350.62 ", -   ,  , -   , -   , -   , -   ,0.00,0.00, -   , -   ,," 124,784.00 ",,,,,,,,,
223,Hampstead,TRUE,223,Hampstead," 1,142.51 "," 4,777,977.24 ", 115.33 ," 270,571.69 ", 261.80 ," 560,776.46 ", 12.27 ," 10,009.63 ", -   , -   ," 5,619,335.02 "," 2,384,623 "," 1,971,323,952.28 "," 17,092,423.97 ", -   , -   ," 3,234,712.02 "," 2,420,341.70 "," 2,517,155.37 ",0.00,"3,096,673.86", -   ," 3,234,712.02 ",," 5,619,335.02 ",,,,,,,,,
225,Hampton,TRUE,225,Hampton," 1,418.68 "," 5,932,937.32 ", 231.70 ," 543,578.76 ", 267.35 ," 572,672.05 ", 41.30 ," 33,703.98 ", -   , -   ," 7,082,892.11 "," 6,854,153 "," 5,854,150,571.70 "," 25,265,588.59 ", -   , -   ," 228,739.11 ", -   , -   ,0.00,"74,372.97", -   ," 228,739.11 ",," 7,082,892.11 ",,,,,,,,,
227,Hampton Falls,TRUE,227,Hampton Falls, 284.55 ," 1,189,976.81 ", 18.00 ," 42,228.00 ", 60.99 ," 130,648.72 ", 1.58 ," 1,289.28 ", 0.60 ," 2,509.20 "," 1,366,652.01 "," 940,691 "," 782,419,306.88 "," 43,467,739.27 ", -   , -   ," 425,961.01 "," 322,113.11 "," 334,997.63 ",0.00,"408,499.21", -   ," 425,961.01 ",," 1,366,652.01 ",,,,,,,,,
231,Hancock,TRUE,231,Hancock, 146.63 ," 613,211.68 ", 28.47 ," 66,794.61 ", 33.25 ," 71,218.93 ", 1.00 , 816.00 , -   , -   ," 752,041.22 "," 496,013 "," 417,563,198.79 "," 14,665,903.29 ", -   , -   ," 256,028.22 "," 341,798.75 "," 355,470.70 ","99,442.48","355,470.70", -   ," 355,470.70 ",," 851,483.70 ",,,,,,,,,
233,Hanover,TRUE,233,Hanover," 1,066.12 "," 4,458,507.57 ", 39.15 ," 91,836.52 ", 138.50 ," 296,675.35 ", 32.32 ," 26,374.10 ", 0.38 ," 1,568.25 "," 4,874,961.79 "," 4,385,308 "," 3,618,873,999.56 "," 92,445,562.75 ", -   , -   ," 489,653.79 "," 522,773.52 "," 543,684.46 ","54,030.67","543,684.46", -   ," 543,684.46 ",," 4,928,992.46 ",,,,,,,,,
235,Harrisville,TRUE,235,Harrisville, 69.66 ," 291,324.81 ", 7.00 ," 16,422.00 ", 13.02 ," 27,882.63 ", -   , -   , -   , -   ," 335,629.44 "," 430,877 "," 356,446,537.81 "," 50,920,933.97 ", -   , -   , -   , -   , -   ,0.00,0.00, -   , -   ,," 430,877.00 ",,,,,,,,,
236,Hart's Location,TRUE,236,Hart's Location, 1.00 ," 4,182.00 ", -   , -   , -   , -   , -   , -   , -   , -   ," 4,182.00 "," 28,962 "," 24,466,114.16 ", -   ,  , -   , -   , -   , -   ,0.00,0.00, -   , -   ,," 28,962.00 ",,,,,,,,,
238,Haverhill,TRUE,238,Haverhill, 511.38 ," 2,138,590.32 ", 197.03 ," 462,227.45 ", 114.53 ," 245,323.26 ", 2.00 ," 1,632.00 ", -   , -   ," 2,847,773.03 "," 696,809 "," 618,901,561.93 "," 3,141,187.43 "," 6,104.38 "," 1,202,733.44 "," 3,353,697.47 "," 4,403,299.46 "," 4,579,431.44 ","1,225,733.97","4,579,431.44", -   ," 4,579,431.44 ",," 5,276,240.44 ",,,,,,,,,
243,Hebron,TRUE,243,Hebron, 53.41 ," 223,360.62 ", 13.80 ," 32,382.54 ", 9.00 ," 19,278.00 ", -   , -   , -   , -   ," 275,021.16 "," 536,802 "," 447,070,402.82 "," 32,388,660.89 ", -   , -   , -   , -   , -   ,0.00,0.00, -   , -   ,," 536,802.00 ",,,,,,,,,
245,Henniker,TRUE,245,Henniker, 554.72 ," 2,319,830.68 ", 105.81 ," 248,239.17 ", 118.20 ," 253,185.26 ", -   , -   , -   , -   ," 2,821,255.11 "," 893,827 "," 745,753,629.66 "," 7,047,791.78 ", -   , -   ," 1,927,428.11 "," 2,482,961.86 "," 2,582,280.33 ","654,852.22","2,582,280.33", -   ," 2,582,280.33 ",," 3,476,107.33 ",,,,,,,,,
247,Hill,TRUE,247,Hill, 112.27 ," 469,505.61 ", 43.27 ," 101,507.20 ", 20.38 ," 43,658.24 ", 1.00 , 816.00 , -   , -   ," 615,487.05 "," 185,717 "," 158,458,145.34 "," 3,662,231.05 "," 5,218.61 "," 225,799.74 "," 655,569.79 "," 405,583.21 "," 421,806.54 ",0.00,"667,469.41", -   ," 655,569.79 ",," 841,286.79 ",,,,,,,,,
249,Hillsboro,TRUE,249,Hillsboro, 730.00 ," 3,052,844.11 ", 315.03 ," 739,066.71 ", 178.94 ," 383,287.34 ", 12.21 ," 9,967.20 ", -   , -   ," 4,185,165.36 "," 1,026,666 "," 897,800,082.15 "," 2,849,863.15 "," 6,599.63 "," 2,079,100.09 "," 5,237,599.45 "," 5,416,237.89 "," 5,632,887.41 ","395,287.96","5,632,887.41", -   ," 5,632,887.41 ",," 6,659,553.41 ",,,,,,,,,
255,Hinsdale,TRUE,255,Hinsdale, 503.78 ," 2,106,809.63 ", 241.68 ," 566,982.22 ", 126.47 ," 270,903.67 ", 1.41 ," 1,146.97 ", -   , -   ," 2,945,842.49 "," 477,130 "," 529,714,714.34 "," 2,191,798.40 "," 7,718.34 "," 1,865,372.16 "," 4,334,084.65 "," 4,665,202.89 "," 4,851,811.01 ","517,726.36","4,851,811.01", -   ," 4,851,811.01 ",," 5,328,941.01 ",,,,,,,,,
257,Holderness,TRUE,257,Holderness, 211.58 ," 884,842.62 ", 39.67 ," 93,055.03 ", 29.78 ," 63,778.91 ", 3.14 ," 2,558.65 ", -   , -   ," 1,044,235.21 "," 1,587,126 "," 1,328,865,778.87 "," 33,501,887.76 ", -   , -   , -   , -   , -   ,0.00,0.00, -   , -   ,," 1,587,126.00 ",,,,,,,,,
259,Hollis,TRUE,259,Hollis," 1,255.81 "," 5,251,786.13 ", 60.54 ," 142,021.68 ", 189.99 ," 406,966.72 ", 32.50 ," 26,518.29 ", 0.60 ," 2,509.20 "," 5,829,802.02 "," 2,834,650 "," 2,347,987,742.24 "," 38,785,481.84 ", -   , -   ," 2,995,152.02 "," 2,467,358.01 "," 2,566,052.33 ",0.00,"2,933,695.75", -   ," 2,995,152.02 ",," 5,829,802.02 ",,,,,,,,,
261,Hooksett,TRUE,261,Hooksett," 1,885.32 "," 7,884,427.90 ", 313.83 ," 736,237.67 ", 378.79 ," 811,363.47 ", 51.22 ," 41,796.74 ", -   , -   ," 9,473,825.78 "," 3,634,067 "," 3,116,885,745.89 "," 9,931,866.07 ", -   , -   ," 5,839,758.78 "," 4,638,369.19 "," 4,823,903.96 ",0.00,"5,765,742.95", -   ," 5,839,758.78 ",," 9,473,825.78 ",,,,,,,,,
263,Hopkinton,TRUE,263,Hopkinton, 904.91 ," 3,784,324.84 ", 74.02 ," 173,641.07 ", 170.51 ," 365,242.27 ", -   , -   , 0.75 ," 3,136.50 "," 4,326,344.68 "," 1,379,519 "," 1,173,487,938.59 "," 15,854,559.95 ", -   , -   ," 2,946,825.68 "," 2,607,876.76 "," 2,712,191.83 ",0.00,"2,903,075.08", -   ," 2,946,825.68 ",," 4,326,344.68 ",,,,,,,,,
267,Hudson,TRUE,267,Hudson," 2,916.48 "," 12,196,735.67 ", 548.13 ," 1,285,912.75 ", 486.85 ," 1,042,822.20 ", 68.74 ," 56,089.56 ", 1.65 ," 6,900.30 "," 14,588,460.48 "," 6,000,939 "," 5,117,302,853.02 "," 9,335,930.87 ", -   , -   ," 8,587,521.48 "," 7,331,854.65 "," 7,625,128.84 ",0.00,"8,427,530.01", -   ," 8,587,521.48 ",," 14,588,460.48 ",,,,,,,,,
271,Jackson,TRUE,271,Jackson, 65.81 ," 275,198.60 ", 14.22 ," 33,352.14 ", 18.47 ," 39,567.45 ", 1.00 , 816.00 , 0.90 ," 3,763.80 "," 352,697.99 "," 877,967 "," 724,807,675.46 "," 50,983,193.97 ", -   , -   , -   , -   , -   ,0.00,0.00, -   , -   ,," 877,967.00 ",,,,,,,,,
273,Jaffrey,TRUE,273,Jaffrey, 616.80 ," 2,579,470.15 ", 227.31 ," 533,268.79 ", 153.04 ," 327,820.89 ", 3.00 ," 2,448.00 ", 0.53 ," 2,195.55 "," 3,445,203.38 "," 1,050,687 "," 876,345,790.34 "," 3,855,292.60 "," 4,890.40 "," 1,111,636.43 "," 3,506,152.81 "," 3,402,627.18 "," 3,538,732.27 ","32,579.46","3,538,732.27", -   ," 3,538,732.27 ",," 4,589,419.27 ",,,,,,,,,
275,Jefferson,TRUE,275,Jefferson, 101.52 ," 424,555.39 ", 47.36 ," 111,110.31 ", 16.00 ," 34,272.00 ", -   , -   , -   , -   ," 569,937.70 "," 231,689 "," 201,090,355.56 "," 4,245,852.24 "," 4,226.45 "," 200,171.49 "," 538,420.19 "," 543,176.12 "," 564,903.16 ","26,482.97","564,903.16", -   ," 564,903.16 ",," 796,592.16 ",,,,,,,,,
279,Keene,TRUE,279,Keene," 2,254.84 "," 9,429,739.63 ", 878.73 ," 2,061,490.73 ", 489.78 ," 1,049,111.76 ", 58.62 ," 47,834.82 ", 1.08 ," 4,529.11 "," 12,592,706.05 "," 3,282,162 "," 2,836,839,864.74 "," 3,228,356.18 "," 5,956.19 "," 5,233,861.78 "," 14,544,405.83 "," 12,465,382.74 "," 12,963,998.05 ",0.00,"14,291,377.94", -   ," 14,544,405.83 ",," 17,826,567.83 ",,,,,,,,,
281,Kensington,TRUE,281,Kensington, 268.52 ," 1,122,960.26 ", 41.00 ," 96,186.00 ", 57.01 ," 122,107.07 ", -   , -   , -   , -   ," 1,341,253.33 "," 696,583 "," 598,536,462.00 "," 14,598,450.29 ", -   , -   ," 644,670.33 "," 435,832.84 "," 453,266.15 ",0.00,"621,094.12", -   ," 644,670.33 ",," 1,341,253.33 ",,,,,,,,,
283,Kingston,TRUE,283,Kingston, 623.56 ," 2,607,740.05 ", 79.34 ," 186,126.71 ", 169.26 ," 362,544.64 ", 9.87 ," 8,053.02 ", -   , -   ," 3,164,464.42 "," 1,624,442 "," 1,402,112,423.04 "," 17,672,668.71 ", -   , -   ," 1,540,022.42 "," 1,310,678.65 "," 1,363,105.80 ",0.00,"1,505,567.93", -   ," 1,540,022.42 ",," 3,164,464.42 ",,,,,,,,,
285,Laconia,TRUE,285,Laconia," 1,736.92 "," 7,263,804.46 ", 922.91 ," 2,165,153.90 ", 406.55 ," 870,835.24 ", 21.92 ," 17,887.78 ", 0.90 ," 3,763.80 "," 10,321,445.18 "," 4,974,898 "," 4,152,773,342.85 "," 4,499,636.85 "," 3,795.02 "," 3,502,470.85 "," 8,849,018.03 "," 6,899,479.79 "," 7,175,458.98 ",0.00,"8,594,829.41", -   ," 8,849,018.03 ",," 13,823,916.03 ",,,,,,,,,
287,Lancaster,TRUE,287,Lancaster, 378.01 ," 1,580,828.20 ", 172.55 ," 404,811.21 ", 108.55 ," 232,520.31 ", 3.16 ," 2,576.36 ", -   , -   ," 2,220,736.08 "," 491,905 "," 424,745,699.69 "," 2,461,526.20 "," 7,259.81 "," 1,252,707.02 "," 2,981,538.10 "," 3,641,005.94 "," 3,786,646.18 ","805,108.08","3,786,646.18", -   ," 3,786,646.18 ",," 4,278,551.18 ",,,,,,,,,
291,Landaff,TRUE,291,Landaff, 39.09 ," 163,476.47 ", 10.00 ," 23,460.00 ", 5.00 ," 10,710.00 ", -   , -   , -   , -   ," 197,646.47 "," 98,677 "," 83,471,838.08 "," 8,347,183.81 ", -   , -   ," 98,969.47 "," 135,073.31 "," 140,476.24 ","41,506.77","140,476.24", -   ," 140,476.24 ",," 239,153.24 ",,,,,,,,,
293,Langdon,TRUE,293,Langdon, 70.17 ," 293,451.36 ", 18.81 ," 44,117.94 ", 13.81 ," 29,571.60 ", -   , -   , -   , -   ," 367,140.90 "," 101,002 "," 85,064,876.21 "," 4,523,380.07 "," 3,754.65 "," 70,608.52 "," 336,747.42 "," 378,373.62 "," 393,508.56 ","56,761.14","393,508.56", -   ," 393,508.56 ",," 494,510.56 ",,,,,,,,,
295,Lebanon,TRUE,295,Lebanon," 1,315.00 "," 5,499,318.71 ", 326.69 ," 766,424.36 ", 241.34 ," 516,943.64 ", 57.68 ," 47,067.21 ", 0.13 , 542.82 ," 6,830,296.74 "," 3,887,760 "," 3,331,429,382.16 "," 10,197,396.84 ", -   , -   ," 2,942,536.74 "," 3,197,054.20 "," 3,324,936.37 ","382,399.62","3,324,936.37", -   ," 3,324,936.37 ",," 7,212,696.37 ",,,,,,,,,
297,Lee,TRUE,297,Lee, 699.31 ," 2,924,497.69 ", 99.38 ," 233,141.96 ", 124.84 ," 267,412.64 ", 8.19 ," 6,683.77 ", -   , -   ," 3,431,736.06 "," 1,107,028 "," 926,583,074.26 "," 9,323,778.02 ", -   , -   ," 2,324,708.06 "," 2,747,730.72 "," 2,857,639.95 ","532,931.89","2,857,639.95", -   ," 2,857,639.95 ",," 3,964,667.95 ",,,,,,,,,
299,Lempster,TRUE,299,Lempster, 153.98 ," 643,962.34 ", 50.36 ," 118,152.30 ", 28.93 ," 61,964.42 ", -   , -   , -   , -   ," 824,079.06 "," 242,001 "," 251,907,361.81 "," 5,001,804.13 "," 2,941.33 "," 148,135.24 "," 730,213.30 "," 768,408.32 "," 799,144.65 ","68,931.35","799,144.65", -   ," 799,144.65 ",," 1,041,145.65 ",,,,,,,,,
303,Lincoln,TRUE,303,Lincoln, 123.47 ," 516,340.67 ", 48.79 ," 114,458.76 ", 25.57 ," 54,761.73 ", 2.52 ," 2,053.63 ", -   , -   ," 687,614.79 "," 2,258,613 "," 1,876,665,498.55 "," 38,465,009.43 ", -   , -   , -   , -   , -   ,0.00,0.00, -   , -   ,," 2,258,613.00 ",,,,,,,,,
311,Lisbon,TRUE,311,Lisbon, 182.35 ," 762,607.77 ", 94.32 ," 221,272.14 ", 56.80 ," 121,665.39 ", -   , -   , -   , -   ," 1,105,545.30 "," 197,097 "," 167,790,358.78 "," 1,778,968.57 "," 8,420.15 "," 794,179.61 "," 1,702,627.91 "," 1,694,674.55 "," 1,762,461.53 ","59,833.62","1,776,429.96", -   ," 1,762,461.53 ",," 1,959,558.53 ",,,,,,,,,
315,Litchfield,TRUE,315,Litchfield," 1,129.91 "," 4,725,278.60 ", 156.54 ," 367,234.16 ", 225.44 ," 482,884.98 ", 22.61 ," 18,450.74 ", -   , -   ," 5,593,848.48 "," 1,941,855 "," 1,667,723,488.18 "," 10,653,908.95 ", -   , -   ," 3,651,993.48 "," 5,360,521.36 "," 5,574,942.21 ","1,922,948.73","5,574,942.21", -   ," 5,574,942.21 ",," 7,516,797.21 ",,,,,,,,,
317,Littleton,TRUE,317,Littleton, 599.61 ," 2,507,587.84 ", 337.58 ," 791,966.20 ", 128.79 ," 275,868.39 ", 26.00 ," 21,216.00 ", -   , -   ," 3,596,638.43 "," 1,265,073 "," 1,443,679,147.71 "," 4,276,535.14 "," 4,174.29 "," 1,409,163.17 "," 3,740,728.60 "," 4,224,907.11 "," 4,393,903.39 ","653,174.79","4,393,903.39", -   ," 4,393,903.39 ",," 5,658,976.39 ",,,,,,,,,
319,Londonderry,TRUE,319,Londonderry," 3,691.54 "," 15,438,029.06 ", 517.64 ," 1,214,375.93 ", 762.43 ," 1,633,114.35 ", 26.73 ," 21,808.50 ", 0.60 ," 2,509.20 "," 18,309,837.04 "," 7,674,148 "," 7,149,120,732.45 "," 13,811,075.13 ", -   , -   ," 10,635,689.04 "," 11,468,734.19 "," 11,927,483.56 ","1,291,794.52","11,927,483.56", -   ," 11,927,483.56 ",," 19,601,631.56 ",,,,,,,,,
321,Loudon,TRUE,321,Loudon, 606.10 ," 2,534,705.18 ", 139.77 ," 327,903.94 ", 135.92 ," 291,139.57 ", -   , -   , -   , -   ," 3,153,748.69 "," 1,204,668 "," 1,017,658,210.00 "," 7,280,870.64 ", -   , -   ," 1,949,080.69 "," 2,450,182.50 "," 2,548,189.80 ","599,109.11","2,548,189.80", -   ," 2,548,189.80 ",," 3,752,857.80 ",,,,,,,,,
323,Lyman,TRUE,323,Lyman, 38.48 ," 160,936.74 ", 2.00 ," 4,692.00 ", 4.98 ," 10,674.01 ", -   , -   , -   , -   ," 176,302.75 "," 126,706 "," 107,486,728.52 "," 53,743,364.26 ", -   , -   ," 49,596.75 "," 139,111.44 "," 144,675.90 ","95,079.15","144,675.90", -   ," 144,675.90 ",," 271,381.90 ",,,,,,,,,
327,Lyme,TRUE,327,Lyme, 283.86 ," 1,187,084.96 ", 19.31 ," 45,301.03 ", 44.97 ," 96,328.74 ", -   , -   , 0.15 , 627.30 ," 1,329,342.03 "," 615,285 "," 512,197,408.15 "," 26,525,119.66 ", -   , -   ," 714,057.03 "," 614,567.23 "," 639,149.92 ",0.00,"721,386.58", -   ," 714,057.03 ",," 1,329,342.03 ",,,,,,,,,
329,Lyndeborough,TRUE,329,Lyndeborough, 136.79 ," 572,050.34 ", 31.92 ," 74,884.32 ", 29.09 ," 62,302.00 ", -   , -   , -   , -   ," 709,236.66 "," 346,619 "," 287,671,273.81 "," 9,012,257.95 ", -   , -   ," 362,617.66 "," 394,314.52 "," 410,087.10 ","47,469.44","410,087.10", -   ," 410,087.10 ",," 756,706.10 ",,,,,,,,,
331,Madbury,TRUE,331,Madbury, 319.48 ," 1,336,079.16 ", 32.15 ," 75,413.11 ", 64.64 ," 138,456.95 ", 4.00 ," 3,264.00 ", -   , -   ," 1,553,213.22 "," 502,269 "," 450,086,125.64 "," 14,001,571.78 ", -   , -   ," 1,050,944.22 "," 1,098,892.88 "," 1,142,848.60 ","91,904.38","1,142,848.60", -   ," 1,142,848.60 ",," 1,645,117.60 ",,,,,,,,,
333,Madison,TRUE,333,Madison, 238.64 ," 997,993.32 ", 87.03 ," 204,182.47 ", 40.25 ," 86,214.64 ", 2.00 ," 1,632.00 ", -   , -   ," 1,290,022.43 "," 1,187,550 "," 993,983,458.26 "," 11,420,594.62 ", -   , -   ," 102,472.43 "," 443,418.11 "," 461,154.83 ","358,682.40","461,154.83", -   ," 461,154.83 ",," 1,648,704.83 ",,,,,,,,,
335,Manchester,TRUE,335,Manchester," 11,570.98 "," 48,389,855.92 "," 6,426.36 "," 15,076,233.29 "," 2,577.30 "," 5,520,577.67 "," 2,077.50 "," 1,695,237.06 ", 0.15 , 627.30 ," 70,682,531.24 "," 19,591,182 "," 16,537,392,342.02 "," 2,573,369.73 "," 7,069.67 "," 45,432,231.93 "," 96,523,581.17 "," 62,542,377.55 "," 65,044,072.65 ",0.00,"90,006,265.75", -   ," 96,523,581.17 ",," 116,114,763.17 ",,,,,,,,,
339,Marlborough,TRUE,339,Marlborough, 214.46 ," 896,868.79 ", 80.86 ," 189,697.56 ", 49.47 ," 105,963.67 ", -   , -   , -   , -   ," 1,192,530.02 "," 323,280 "," 273,558,682.42 "," 3,383,115.04 "," 5,693.10 "," 460,344.42 "," 1,329,594.44 "," 1,315,767.87 "," 1,368,398.58 ","38,804.14","1,368,398.58", -   ," 1,368,398.58 ",," 1,691,678.58 ",,,,,,,,,
341,Marlow,TRUE,341,Marlow, 85.88 ," 359,153.09 ", 31.70 ," 74,361.16 ", 18.84 ," 40,352.07 ", -   , -   , -   , -   ," 473,866.32 "," 143,856 "," 120,916,908.86 "," 3,814,774.55 "," 4,959.28 "," 157,194.40 "," 487,204.72 "," 673,513.33 "," 700,453.86 ","213,249.14","700,453.86", -   ," 700,453.86 ",," 844,309.86 ",,,,,,,,,
344,Martin's Location,TRUE,344,Martin's Location, -   , -   , -   , -   , -   , -   , -   , -   , -   , -   , -   , 105 ," 693,751.00 ", -   ,  , -   , -   , -   , -   ,0.00,0.00, -   , -   ,, 105.00 ,,,,,,,,,
345,Mason,TRUE,345,Mason, 151.03 ," 631,589.90 ", 20.80 ," 48,798.44 ", 21.00 ," 44,982.00 ", -   , -   , -   , -   ," 725,370.34 "," 323,327 "," 274,002,234.09 "," 13,172,741.02 ", -   , -   ," 402,043.34 "," 366,041.09 "," 380,682.73 ",0.00,"384,830.15", -   ," 402,043.34 ",," 725,370.34 ",,,,,,,,,
347,Meredith,TRUE,347,Meredith, 645.12 ," 2,697,893.09 ", 208.20 ," 488,432.51 ", 129.77 ," 277,959.20 ", 6.03 ," 4,923.83 ", -   , -   ," 3,469,208.63 "," 5,085,243 "," 4,191,337,583.29 "," 20,131,497.82 ", -   , -   , -   , -   , -   ,0.00,0.00, -   , -   ,," 5,085,243.00 ",,,,,,,,,
351,Merrimack,TRUE,351,Merrimack," 3,420.09 "," 14,302,823.07 ", 377.56 ," 885,767.02 ", 729.61 ," 1,562,816.69 ", 88.94 ," 72,573.82 ", -   , -   ," 16,823,980.60 "," 7,112,961 "," 6,043,013,806.33 "," 16,005,236.20 ", -   , -   ," 9,711,019.60 "," 8,697,531.64 "," 9,045,432.91 ",0.00,"9,824,872.89", -   ," 9,711,019.60 ",," 16,823,980.60 ",,,,,,,,,
353,Middleton,TRUE,353,Middleton, 247.78 ," 1,036,195.05 ", 81.93 ," 192,197.69 ", 44.75 ," 95,844.22 ", -   , -   , -   , -   ," 1,324,236.96 "," 386,892 "," 323,098,460.12 "," 3,943,798.59 "," 4,739.94 "," 388,323.10 "," 1,325,668.06 "," 1,454,544.16 "," 1,512,725.93 ","187,057.87","1,512,725.93", -   ," 1,512,725.93 ",," 1,899,617.93 ",,,,,,,,,
355,Milan,TRUE,355,Milan, 147.41 ," 616,487.86 ", 49.85 ," 116,946.93 ", 15.75 ," 33,733.07 ", 1.76 ," 1,438.44 ", -   , -   ," 768,606.30 "," 245,434 "," 234,145,775.66 "," 4,697,053.64 "," 3,459.41 "," 172,449.80 "," 695,622.10 "," 1,219,417.72 "," 1,268,194.43 ","572,572.33","1,268,194.43", -   ," 1,268,194.43 ",," 1,513,628.43 ",,,,,,,,,
357,Milford,TRUE,357,Milford," 1,899.75 "," 7,944,751.99 ", 358.18 ," 840,279.96 ", 372.50 ," 797,891.14 ", 51.62 ," 42,125.51 ", 2.10 ," 8,782.20 "," 9,633,830.80 "," 3,283,987 "," 2,748,369,507.00 "," 7,673,246.05 ", -   , -   ," 6,349,843.80 "," 7,307,845.97 "," 7,600,159.81 ","1,250,316.01","7,600,159.81", -   ," 7,600,159.81 ",," 10,884,146.81 ",,,,,,,,,
358,Millsfield,TRUE,358,Millsfield, 2.00 ," 8,364.00 ", -   , -   , -   , -   , -   , -   , -   , -   ," 8,364.00 "," 15,573 "," 111,654,589.84 ", -   ,  , -   , -   , -   , -   ,0.00,0.00, -   , -   ,," 15,573.00 ",,,,,,,,,
359,Milton,TRUE,359,Milton, 500.64 ," 2,093,669.37 ", 218.25 ," 512,016.61 ", 117.99 ," 252,724.51 ", 2.00 ," 1,632.00 ", -   , -   ," 2,860,042.49 "," 990,804 "," 838,912,444.38 "," 3,843,798.33 "," 4,909.94 "," 1,071,599.44 "," 2,940,837.93 "," 2,938,374.85 "," 3,055,909.84 ","115,071.91","3,055,909.84", -   ," 3,055,909.84 ",," 4,046,713.84 ",,,,,,,,,
365,Monroe,TRUE,365,Monroe, 126.92 ," 530,760.20 ", 28.16 ," 66,066.41 ", 32.00 ," 68,544.00 ", -   , -   , -   , -   ," 665,370.61 "," 178,287 "," 723,269,943.89 "," 25,683,116.33 ", -   , -   ," 487,083.61 "," 493,050.87 "," 512,772.90 ","25,689.29","512,772.90", -   ," 512,772.90 ",," 691,059.90 ",,,,,,,,,
367,Mont Vernon,TRUE,367,Mont Vernon, 413.81 ," 1,730,572.24 ", 34.00 ," 79,764.00 ", 74.89 ," 160,408.38 ", 1.62 ," 1,319.06 ", 0.28 ," 1,177.23 "," 1,973,240.91 "," 644,042 "," 534,169,742.85 "," 15,710,874.79 ", -   , -   ," 1,329,198.91 "," 1,313,224.13 "," 1,365,753.10 ","36,554.18","1,365,753.10", -   ," 1,365,753.10 ",," 2,009,795.10 ",,,,,,,,,
369,Moultonborough,TRUE,369,Moultonborough, 415.67 ," 1,738,340.72 ", 97.77 ," 229,375.69 ", 86.42 ," 185,115.28 ", 12.78 ," 10,430.60 ", -   , -   ," 2,163,262.29 "," 7,230,520 "," 5,962,725,936.61 "," 60,985,341.95 ", -   , -   , -   , -   , -   ,0.00,0.00, -   , -   ,," 7,230,520.00 ",,,,,,,,,
371,Nashua,TRUE,371,Nashua," 9,547.20 "," 39,926,401.69 "," 4,283.99 "," 10,050,248.99 "," 2,012.20 "," 4,310,128.54 "," 1,380.82 "," 1,126,747.08 ", 0.67 ," 2,810.30 "," 55,416,336.60 "," 18,436,077 "," 15,601,670,357.22 "," 3,641,851.93 "," 5,253.25 "," 22,504,896.75 "," 59,485,156.35 "," 36,177,736.17 "," 37,624,845.62 ",0.00,"58,479,033.63", -   ," 59,485,156.35 ",," 77,921,233.35 ",,,,,,,,,
375,Nelson,TRUE,375,Nelson, 56.73 ," 237,238.17 ", 15.46 ," 36,260.48 ", 7.33 ," 15,697.65 ", -   , -   , -   , -   ," 289,196.30 "," 197,073 "," 166,358,741.63 "," 10,763,167.23 ", -   , -   ," 92,123.30 "," 143,257.25 "," 148,987.54 ","56,864.24","148,987.54", -   ," 148,987.54 ",," 346,060.54 ",,,,,,,,,
377,New Boston,TRUE,377,New Boston, 927.12 ," 3,877,230.90 ", 95.61 ," 224,292.15 ", 172.46 ," 369,414.68 ", 1.01 , 822.69 , 1.46 ," 6,084.81 "," 4,477,845.23 "," 1,368,415 "," 1,138,542,062.68 "," 11,908,663.48 ", -   , -   ," 3,109,430.23 "," 2,920,966.69 "," 3,037,805.36 ",0.00,"3,105,782.20", -   ," 3,109,430.23 ",," 4,477,845.23 ",,,,,,,,,
379,Newbury,TRUE,379,Newbury, 184.96 ," 773,503.14 ", 39.33 ," 92,263.49 ", 39.98 ," 85,638.23 ", 0.38 , 308.28 , -   , -   ," 951,713.14 "," 1,861,032 "," 1,535,326,757.33 "," 39,039,024.55 ", -   , -   , -   , -   , -   ,0.00,0.00, -   , -   ,," 1,861,032.00 ",,,,,,,,,
381,New Castle,TRUE,381,New Castle, 38.50 ," 161,007.00 ", -   , -   , 3.00 ," 6,426.00 ", -   , -   , -   , -   ," 167,433.00 "," 1,476,609 "," 1,212,374,324.34 ", -   ,  , -   , -   , -   , -   ,0.00,0.00, -   , -   ,," 1,476,609.00 ",,,,,,,,,
383,New Durham,TRUE,383,New Durham, 320.65 ," 1,340,952.03 ", 90.63 ," 212,621.97 ", 56.37 ," 120,741.76 ", 2.00 ," 1,632.00 ", -   , -   ," 1,675,947.76 "," 1,029,160 "," 851,320,733.88 "," 9,393,189.51 ", -   , -   ," 646,787.76 "," 444,813.67 "," 462,606.22 ",0.00,"609,494.48", -   ," 646,787.76 ",," 1,675,947.76 ",,,,,,,,,
387,Newfields,TRUE,387,Newfields, 246.94 ," 1,032,721.06 ", 14.53 ," 34,078.70 ", 51.47 ," 110,240.17 ", -   , -   , -   , -   ," 1,177,039.93 "," 526,397 "," 434,077,853.53 "," 29,882,203.56 ", -   , -   ," 650,642.93 "," 518,517.44 "," 539,258.14 ",0.00,"643,014.88", -   ," 650,642.93 ",," 1,177,039.93 ",,,,,,,,,
389,New Hampton,TRUE,389,New Hampton, 228.54 ," 955,752.61 ", 75.86 ," 177,976.01 ", 46.65 ," 99,923.66 ", 5.00 ," 4,080.00 ", -   , -   ," 1,237,732.28 "," 635,018 "," 575,481,141.90 "," 7,585,734.69 ", -   , -   ," 602,714.28 "," 805,473.84 "," 837,692.79 ","234,978.51","837,692.79", -   ," 837,692.79 ",," 1,472,710.79 ",,,,,,,,,
391,Newington,TRUE,391,Newington, 65.19 ," 272,642.98 ", 2.30 ," 5,405.42 ", 9.95 ," 21,305.83 ", -   , -   , -   , -   ," 299,354.23 "," 1,019,237 "," 1,282,795,460.50 "," 556,744,698.80 ", -   , -   , -   , -   , -   ,0.00,0.00, -   , -   ,," 1,019,237.00 ",,,,,,,,,
393,New Ipswich,TRUE,393,New Ipswich, 627.25 ," 2,623,139.01 ", 107.64 ," 252,513.59 ", 80.96 ," 173,409.04 ", 1.34 ," 1,091.73 ", -   , -   ," 3,050,153.37 "," 924,924 "," 777,476,141.79 "," 7,223,211.44 ", -   , -   ," 2,125,229.37 "," 2,760,237.89 "," 2,870,647.41 ","745,418.04","2,870,647.41", -   ," 2,870,647.41 ",," 3,795,571.41 ",,,,,,,,,
395,New London,TRUE,395,New London, 310.63 ," 1,299,042.53 ", 19.50 ," 45,755.91 ", 30.00 ," 64,260.00 ", -   , -   , -   , -   ," 1,409,058.44 "," 2,582,131 "," 2,138,706,462.83 "," 109,655,885.66 ", -   , -   , -   , -   , -   ,0.00,0.00, -   , -   ,," 2,582,131.00 ",,,,,,,,,
399,Newmarket,TRUE,399,Newmarket, 956.84 ," 4,001,484.39 ", 206.20 ," 483,753.18 ", 193.95 ," 415,446.26 ", 19.70 ," 16,072.51 ", 1.05 ," 4,391.10 "," 4,921,147.44 "," 1,875,985 "," 1,547,173,738.70 "," 7,503,143.69 ", -   , -   ," 3,045,162.44 "," 2,300,645.22 "," 2,392,671.03 ",0.00,"2,929,548.95", -   ," 3,045,162.44 ",," 4,921,147.44 ",,,,,,,,,
401,Newport,TRUE,401,Newport, 634.09 ," 2,651,755.60 ", 378.58 ," 888,143.52 ", 181.38 ," 388,516.60 ", 10.99 ," 8,966.21 ", -   , -   ," 3,937,381.93 "," 905,369 "," 765,303,752.30 "," 2,021,523.06 "," 8,007.81 "," 3,031,579.40 "," 6,063,592.33 "," 7,199,346.09 "," 7,487,319.93 ","1,423,727.60","7,487,319.93", -   ," 7,487,319.93 ",," 8,392,688.93 ",,,,,,,,,
403,Newton,TRUE,403,Newton, 538.13 ," 2,250,477.64 ", 69.45 ," 162,934.39 ", 134.11 ," 287,256.55 ", 7.54 ," 6,154.52 ", 0.30 ," 1,254.60 "," 2,708,077.70 "," 1,090,963 "," 914,830,752.14 "," 13,172,129.70 ", -   , -   ," 1,617,114.70 "," 1,431,548.89 "," 1,488,810.85 ",0.00,"1,588,114.69", -   ," 1,617,114.70 ",," 2,708,077.70 ",,,,,,,,,
404,Northfield,TRUE,404,Northfield, 494.57 ," 2,068,294.67 ", 154.70 ," 362,937.46 ", 111.88 ," 239,650.39 ", 1.00 , 816.00 , -   , -   ," 2,671,698.52 "," 744,740 "," 625,687,970.12 "," 4,044,399.20 "," 4,568.92 "," 706,834.06 "," 2,633,792.58 "," 4,347,726.29 "," 4,521,635.34 ","1,887,842.76","4,521,635.34", -   ," 4,521,635.34 ",," 5,266,375.34 ",,,,,,,,,
405.00, North Hampton , TRUE ,405,North Hampton, 401.82 ," 1,680,404.97 ", 24.99 ," 58,618.09 ", 82.41 ," 176,518.58 ", 2.64 ," 2,150.16 ", -   , -   ," 1,917,691.80 "," 2,425,851 "," 2,017,612,578.30 "," 80,748,430.28 ", -   , -   , -   , -   , -   ,0.00,0.00, -   , -   ,," 2,425,851.00 ",,,,,,,,,
407,Northumberland,TRUE,407,Northumberland, 251.65 ," 1,052,393.61 ", 121.73 ," 285,570.37 ", 81.06 ," 173,627.74 ", -   , -   , -   , -   ," 1,511,591.72 "," 217,829 "," 282,771,776.37 "," 2,323,009.18 "," 7,495.28 "," 912,374.74 "," 2,206,137.46 "," 2,689,392.99 "," 2,796,968.71 ","590,831.25","2,796,968.71", -   ," 2,796,968.71 ",," 3,014,797.71 ",,,,,,,,,
411,Northwood,TRUE,411,Northwood, 562.22 ," 2,351,198.60 ", 81.73 ," 191,736.47 ", 114.66 ," 245,609.22 ", -   , -   , -   , -   ," 2,788,544.29 "," 1,141,313 "," 947,366,031.28 "," 11,591,538.77 ", -   , -   ," 1,647,231.29 "," 1,986,859.43 "," 2,066,333.81 ","419,102.52","2,066,333.81", -   ," 2,066,333.81 ",," 3,207,646.81 ",,,,,,,,,
413,Nottingham,TRUE,413,Nottingham, 755.73 ," 3,160,446.55 ", 71.81 ," 168,465.09 ", 94.81 ," 203,088.16 ", -   , -   , 0.30 ," 1,254.60 "," 3,533,254.40 "," 1,386,961 "," 1,173,888,088.74 "," 16,347,253.34 ", -   , -   ," 2,146,293.40 "," 1,792,394.99 "," 1,864,090.79 ",0.00,"2,123,521.31", -   ," 2,146,293.40 ",," 3,533,254.40 ",,,,,,,,,
414,Odell,TRUE,414,Odell, -   , -   , -   , -   , -   , -   , -   , -   , -   , -   , -   ," 4,637 "," 3,800,697.32 ", -   ,  , -   , -   , -   , -   ,0.00,0.00, -   , -   ,," 4,637.00 ",,,,,,,,,
415,Orange,TRUE,415,Orange, 34.62 ," 144,790.04 ", 4.78 ," 11,221.62 ", 7.78 ," 16,671.83 ", -   , -   , -   , -   ," 172,683.49 "," 48,310 "," 40,676,483.90 "," 8,503,853.80 ", -   , -   ," 124,373.49 "," 244,234.33 "," 254,003.70 ","129,630.21","254,003.70", -   ," 254,003.70 ",," 302,313.70 ",,,,,,,,,
419,Ossipee,TRUE,419,Ossipee, 533.95 ," 2,232,968.86 ", 290.47 ," 681,449.19 ", 123.93 ," 265,461.06 ", 1.16 , 943.62 , 0.45 ," 1,888.17 "," 3,182,710.90 "," 1,611,831 "," 1,343,756,195.20 "," 4,626,099.91 "," 3,580.03 "," 1,039,901.38 "," 2,610,781.28 "," 2,697,844.81 "," 2,805,758.60 ","194,977.32","2,805,758.60", -   ," 2,805,758.60 ",," 4,417,589.60 ",,,,,,,,,
425,Pelham,TRUE,425,Pelham," 1,601.51 "," 6,697,532.80 ", 173.27 ," 406,497.75 ", 285.93 ," 612,464.42 ", 19.55 ," 15,952.72 ", -   , -   ," 7,732,447.69 "," 3,668,293 "," 3,092,001,291.34 "," 17,844,711.21 ", -   , -   ," 4,064,154.69 "," 3,339,623.79 "," 3,473,208.74 ",0.00,"3,958,432.93", -   ," 4,064,154.69 ",," 7,732,447.69 ",,,,,,,,,
427,Pembroke,TRUE,427,Pembroke," 1,001.48 "," 4,188,192.29 ", 247.36 ," 580,311.02 ", 213.69 ," 457,727.84 ", 12.84 ," 10,478.99 ", -   , -   ," 5,236,710.14 "," 1,402,190 "," 1,186,970,592.61 "," 4,798,518.25 "," 3,286.92 "," 813,058.52 "," 4,647,578.66 "," 5,765,992.12 "," 5,996,631.80 ","1,349,053.14","5,996,631.80", -   ," 5,996,631.80 ",," 7,398,821.80 ",,,,,,,,,
429,Penacook,TRUE,429,Penacook, 682.21 ," 2,853,019.78 ", 260.00 ," 609,965.63 ", 196.16 ," 420,181.15 ", 14.08 ," 11,493.12 ", -   , -   ," 3,894,659.68 "," 752,988 "," 670,234,468.00 "," 2,577,801.08 "," 7,062.14 "," 1,836,172.87 "," 4,977,844.55 "," 4,042,319.72 "," 4,204,012.51 ",0.00,"4,650,754.70", -   ," 4,977,844.55 ",," 5,730,832.55 ",,,,,,,,,
431,Peterborough,TRUE,431,Peterborough, 603.32 ," 2,523,066.68 ", 161.28 ," 378,361.00 ", 123.03 ," 263,527.48 ", 1.00 , 816.00 , -   , -   ," 3,165,771.16 "," 1,446,505 "," 1,206,344,158.40 "," 7,479,849.59 ", -   , -   ," 1,719,266.16 "," 2,040,469.82 "," 2,122,088.61 ","402,822.45","2,122,088.61", -   ," 2,122,088.61 ",," 3,568,593.61 ",,,,,,,,,
435,Piermont,TRUE,435,Piermont, 74.64 ," 312,161.63 ", 12.00 ," 28,152.00 ", 13.64 ," 29,225.66 ", -   , -   , -   , -   ," 369,539.29 "," 175,134 "," 146,511,314.09 "," 12,209,276.17 ", -   , -   ," 194,405.29 "," 330,783.79 "," 344,015.14 ","149,609.85","344,015.14", -   ," 344,015.14 ",," 519,149.14 ",,,,,,,,,
436,Pinkham's Grant,TRUE,436,Pinkham's Grant, -   , -   , -   , -   , -   , -   , -   , -   , -   , -   , -   ," 7,480 "," 6,412,146.55 ", -   ,  , -   , -   , -   , -   ,0.00,0.00, -   , -   ,," 7,480.00 ",,,,,,,,,
437,Pittsburg,TRUE,437,Pittsburg, 52.77 ," 220,697.52 ", 19.64 ," 46,073.33 ", 10.75 ," 23,032.71 ", -   , -   , -   , -   ," 289,803.56 "," 651,948 "," 554,941,615.76 "," 28,256,977.96 ", -   , -   , -   , -   , -   ,0.00,0.00, -   , -   ,," 651,948.00 ",,,,,,,,,
439,Pittsfield,TRUE,439,Pittsfield, 491.22 ," 2,054,297.51 ", 229.13 ," 537,531.00 ", 145.50 ," 311,656.72 ", -   , -   , -   , -   ," 2,903,485.23 "," 610,043 "," 516,648,022.91 "," 2,254,858.33 "," 7,611.14 "," 1,743,914.82 "," 4,037,357.05 "," 4,554,758.98 "," 4,736,949.34 ","699,592.29","4,736,949.34", -   ," 4,736,949.34 ",," 5,346,992.34 ",,,,,,,,,
441,Plainfield,TRUE,441,Plainfield, 267.74 ," 1,119,680.73 ", 15.26 ," 35,797.85 ", 48.66 ," 104,235.08 ", 1.47 ," 1,196.17 ", -   , -   ," 1,260,909.83 "," 576,099 "," 483,170,873.30 "," 31,664,441.11 ", -   , -   ," 684,810.83 "," 747,246.42 "," 777,136.28 ","92,325.45","777,136.28", -   ," 777,136.28 ",," 1,353,235.28 ",,,,,,,,,
443,Plaistow,TRUE,443,Plaistow, 948.58 ," 3,966,947.34 ", 171.75 ," 402,923.62 ", 209.76 ," 449,295.85 ", 12.88 ," 10,506.57 ", 0.30 ," 1,254.60 "," 4,830,927.98 "," 2,094,255 "," 1,768,018,681.29 "," 10,294,188.74 ", -   , -   ," 2,736,672.98 "," 2,290,479.27 "," 2,382,098.44 ",0.00,"2,762,215.70", -   ," 2,736,672.98 ",," 4,830,927.98 ",,,,,,,,,
447,Plymouth,TRUE,447,Plymouth, 587.16 ," 2,455,494.34 ", 186.08 ," 436,539.93 ", 108.31 ," 231,992.31 ", 12.31 ," 10,042.43 ", 0.68 ," 2,822.85 "," 3,136,891.86 "," 968,441 "," 831,408,057.04 "," 4,468,052.48 "," 3,848.71 "," 716,161.94 "," 2,884,612.80 "," 3,906,208.09 "," 4,062,456.41 ","1,177,843.61","4,062,456.41", -   ," 4,062,456.41 ",," 5,030,897.41 ",,,,,,,,,
449,Portsmouth,TRUE,449,Portsmouth," 2,074.23 "," 8,674,447.01 ", 370.66 ," 869,562.96 ", 416.64 ," 892,449.95 ", 73.12 ," 59,663.88 ", 0.23 , 940.95 ," 10,497,064.75 "," 11,062,049 "," 9,336,287,605.48 "," 25,188,435.60 ", -   , -   , -   , -   , -   ,0.00,0.00, -   , -   ,," 11,062,049.00 ",,,,,,,,,
451,Randolph,TRUE,451,Randolph, 22.00 ," 92,004.00 ", 6.00 ," 14,076.00 ", 5.00 ," 10,710.00 ", -   , -   , -   , -   ," 116,790.00 "," 121,174 "," 117,543,442.25 "," 19,590,573.71 ", -   , -   , -   , -   , -   ,0.00,0.00, -   , -   ,," 121,174.00 ",,,,,,,,,
453,Raymond,TRUE,453,Raymond," 1,098.33 "," 4,593,204.77 ", 289.16 ," 678,380.39 ", 216.14 ," 462,973.81 ", 8.65 ," 7,057.18 ", -   , -   ," 5,741,616.15 "," 2,046,116 "," 1,714,174,647.34 "," 5,928,021.81 "," 1,366.76 "," 395,219.59 "," 4,090,719.74 "," 5,096,780.29 "," 5,300,651.50 ","1,209,931.76","5,300,651.50", -   ," 5,300,651.50 ",," 7,346,767.50 ",,,,,,,,,
455,Richmond,TRUE,455,Richmond, 127.73 ," 534,187.35 ", 48.72 ," 114,289.61 ", 22.00 ," 47,124.00 ", 1.00 , 816.00 , -   , -   ," 696,416.96 "," 203,461 "," 180,257,552.73 "," 3,700,110.70 "," 5,154.21 "," 251,096.71 "," 744,052.67 "," 861,001.21 "," 895,441.26 ","151,388.59","895,441.26", -   ," 895,441.26 ",," 1,098,902.26 ",,,,,,,,,
459,Rindge,TRUE,459,Rindge, 534.42 ," 2,234,950.71 ", 131.95 ," 309,543.44 ", 89.54 ," 191,799.82 ", 1.98 ," 1,613.07 ", -   , -   ," 2,737,907.04 "," 1,373,290 "," 1,152,021,543.91 "," 8,731,060.65 ", -   , -   ," 1,364,617.04 "," 1,228,572.89 "," 1,277,715.81 ",0.00,"1,378,587.13", -   ," 1,364,617.04 ",," 2,737,907.04 ",,,,,,,,,
461,Rochester,TRUE,461,Rochester," 3,603.85 "," 15,071,314.92 "," 1,531.39 "," 3,592,645.87 ", 813.77 ," 1,743,099.41 ", 74.21 ," 60,553.73 ", 1.05 ," 4,391.10 "," 20,472,005.03 "," 5,602,491 "," 4,798,203,119.24 "," 3,133,229.64 "," 6,117.91 "," 9,368,918.45 "," 24,238,432.48 "," 23,411,784.95 "," 24,348,256.35 ","109,823.87","24,348,256.35", -   ," 24,348,256.35 ",," 29,950,747.35 ",,,,,,,,,
463,Rollinsford,TRUE,463,Rollinsford, 282.89 ," 1,183,065.64 ", 40.53 ," 95,089.25 ", 30.96 ," 66,317.82 ", -   , -   , -   , -   ," 1,344,472.71 "," 569,531 "," 475,231,971.99 "," 11,724,714.04 ", -   , -   ," 774,941.71 "," 624,238.34 "," 649,207.87 ",0.00,"792,868.24", -   ," 774,941.71 ",," 1,344,472.71 ",,,,,,,,,
465,Roxbury,TRUE,465,Roxbury, 21.45 ," 89,684.66 ", 5.50 ," 12,912.15 ", 2.00 ," 4,284.00 ", -   , -   , -   , -   ," 106,880.81 "," 43,099 "," 36,713,846.52 "," 6,670,514.82 ", 104.52 , 575.29 ," 64,357.10 "," 90,180.13 "," 93,787.34 ","29,430.24","93,787.34", -   ," 93,787.34 ",," 136,886.34 ",,,,,,,,,
467,Rumney,TRUE,467,Rumney, 133.53 ," 558,421.62 ", 54.67 ," 128,257.46 ", 33.03 ," 70,756.04 ", 1.00 , 816.00 , -   , -   ," 758,251.12 "," 393,642 "," 347,602,622.16 "," 6,358,115.45 ", 635.60 ," 34,748.90 "," 399,358.02 "," 665,032.47 "," 691,633.77 ","292,275.75","691,633.77", -   ," 691,633.77 ",," 1,085,275.77 ",,,,,,,,,
471,Rye,TRUE,471,Rye, 533.00 ," 2,229,015.62 ", 16.00 ," 37,536.00 ", 61.26 ," 131,215.49 ", 3.00 ," 2,448.00 ", -   , -   ," 2,400,215.11 "," 4,644,090 "," 3,827,393,251.29 "," 239,212,078.21 ", -   , -   , -   , -   , -   ,0.00,0.00, -   , -   ,," 4,644,090.00 ",,,,,,,,,
473,Salem,TRUE,473,Salem," 3,400.90 "," 14,222,582.62 ", 602.15 ," 1,412,638.04 ", 592.53 ," 1,269,193.05 ", 86.79 ," 70,824.64 ", 0.45 ," 1,881.90 "," 16,977,120.25 "," 9,533,040 "," 7,985,891,331.04 "," 13,262,350.72 ", -   , -   ," 7,444,080.25 "," 5,908,381.00 "," 6,144,716.24 ",0.00,"7,377,356.35", -   ," 7,444,080.25 ",," 16,977,120.25 ",,,,,,,,,
475,Salisbury,TRUE,475,Salisbury, 152.28 ," 636,830.36 ", 28.75 ," 67,448.20 ", 35.07 ," 75,125.30 ", -   , -   , 0.23 , 940.95 ," 780,344.81 "," 297,188 "," 261,376,208.68 "," 9,091,251.52 ", -   , -   ," 483,156.81 "," 498,470.10 "," 518,408.90 ","35,252.09","518,408.90", -   ," 518,408.90 ",," 815,596.90 ",,,,,,,,,
477,Sanbornton,TRUE,477,Sanbornton, 274.44 ," 1,147,712.68 ", 84.96 ," 199,309.36 ", 48.39 ," 103,646.03 ", -   , -   , 0.38 ," 1,568.25 "," 1,452,236.32 "," 1,107,250 "," 917,571,428.44 "," 10,800,409.01 ", -   , -   ," 344,986.32 "," 479,397.86 "," 498,573.77 ","153,587.45","498,573.77", -   ," 498,573.77 ",," 1,605,823.77 ",,,,,,,,,
479,Sandown,TRUE,479,Sandown, 868.20 ," 3,630,811.56 ", 119.31 ," 279,900.09 ", 189.96 ," 406,899.03 ", 5.29 ," 4,317.13 ", 0.49 ," 2,038.73 "," 4,323,966.54 "," 1,406,042 "," 1,165,940,982.25 "," 9,772,406.91 ", -   , -   ," 2,917,924.54 "," 3,910,509.28 "," 4,066,929.65 ","1,149,005.12","4,066,929.65", -   ," 4,066,929.65 ",," 5,472,971.65 ",,,,,,,,,
483,Sandwich,TRUE,483,Sandwich, 130.08 ," 543,985.78 ", 16.54 ," 38,811.99 ", 16.21 ," 34,728.89 ", -   , -   , -   , -   ," 617,526.66 "," 894,014 "," 748,784,447.64 "," 45,260,455.37 ", -   , -   , -   , -   , -   ,0.00,0.00, -   , -   ,," 894,014.00 ",,,,,,,,,
485,Seabrook,TRUE,485,Seabrook, 909.33 ," 3,802,830.61 ", 429.90 ," 1,008,540.47 ", 190.66 ," 408,398.86 ", 20.02 ," 16,338.52 ", -   , -   ," 5,236,108.46 "," 3,288,690 "," 4,462,439,854.95 "," 10,380,231.81 ", -   , -   ," 1,947,418.46 "," 1,820,755.26 "," 1,893,585.47 ",0.00,"2,027,573.43", -   ," 1,947,418.46 ",," 5,236,108.46 ",,,,,,,,,
487,Sharon,TRUE,487,Sharon, 41.07 ," 171,741.78 ", -   , -   , 7.91 ," 16,948.79 ", 1.00 , 816.00 , -   , -   ," 189,506.57 "," 95,579 "," 79,484,240.14 ", -   ,  , -   ," 93,927.57 "," 123,000.14 "," 127,920.15 ","33,992.58","127,920.15", -   ," 127,920.15 ",," 223,499.15 ",,,,,,,,,
489,Shelburne,TRUE,489,Shelburne, 33.57 ," 140,368.83 ", 13.21 ," 31,001.69 ", 1.62 ," 3,461.04 ", -   , -   , -   , -   ," 174,831.56 "," 91,901 "," 117,593,002.75 "," 8,898,650.95 ", -   , -   ," 82,930.56 "," 109,380.00 "," 113,755.20 ","30,824.64","113,755.20", -   ," 113,755.20 ",," 205,656.20 ",,,,,,,,,
491,Somersworth,TRUE,491,Somersworth," 1,304.11 "," 5,453,800.15 ", 571.78 ," 1,341,406.91 ", 321.36 ," 688,343.91 ", 76.46 ," 62,392.91 ", 0.45 ," 1,881.90 "," 7,547,825.78 "," 2,052,131 "," 1,715,260,861.23 "," 2,999,836.93 "," 6,344.68 "," 3,627,789.36 "," 9,123,484.14 "," 7,226,170.28 "," 7,515,217.09 ",0.00,"8,861,219.40", -   ," 9,123,484.14 ",," 11,175,615.14 ",,,,,,,,,
495,South Hampton,TRUE,495,South Hampton, 100.95 ," 422,178.75 ", 4.00 ," 9,384.00 ", 20.69 ," 44,309.84 ", -   , -   , -   , -   ," 475,872.59 "," 293,455 "," 248,446,075.51 "," 62,111,518.88 ", -   , -   ," 182,417.59 "," 222,487.61 "," 231,387.11 ","48,969.52","231,387.11", -   ," 231,387.11 ",," 524,842.11 ",,,,,,,,,
497,Springfield,TRUE,497,Springfield, 159.33 ," 666,299.66 ", 23.51 ," 55,157.28 ", 33.26 ," 71,245.28 ", -   , -   , -   , -   ," 792,702.22 "," 432,419 "," 364,303,979.79 "," 15,494,912.20 ", -   , -   ," 360,283.22 "," 328,223.06 "," 341,351.98 ",0.00,"351,551.75", -   ," 360,283.22 ",," 792,702.22 ",,,,,,,,,
499,Stark,TRUE,499,Stark, 54.33 ," 227,222.28 ", 22.84 ," 53,594.14 ", 5.07 ," 10,870.01 ", -   , -   , -   , -   ," 291,686.43 "," 141,070 "," 148,713,370.14 "," 6,509,696.70 ", 377.92 ," 8,633.44 "," 159,249.87 "," 342,877.84 "," 356,592.95 ","197,343.08","356,592.95", -   ," 356,592.95 ",," 497,662.95 ",,,,,,,,,
501,Stewartstown,TRUE,501,Stewartstown, 76.68 ," 320,696.25 ", 43.83 ," 102,836.68 ", 17.61 ," 37,711.41 ", -   , -   , -   , -   ," 461,244.34 "," 189,098 "," 191,130,340.20 "," 4,360,232.15 "," 4,032.01 "," 176,742.55 "," 448,888.89 "," 530,862.81 "," 552,097.32 ","103,208.43","552,097.32", -   ," 552,097.32 ",," 741,195.32 ",,,,,,,,,
503,Stoddard,TRUE,503,Stoddard, 146.30 ," 611,837.06 ", 43.12 ," 101,151.78 ", 33.12 ," 70,935.97 ", 1.00 , 816.00 , -   , -   ," 784,740.81 "," 523,856 "," 447,724,022.04 "," 10,384,004.85 ", -   , -   ," 260,884.81 "," 202,080.47 "," 210,163.69 ",0.00,"257,523.93", -   ," 260,884.81 ",," 784,740.81 ",,,,,,,,,
507,Strafford,TRUE,507,Strafford, 550.87 ," 2,303,729.56 ", 79.07 ," 185,506.43 ", 111.48 ," 238,799.37 ", -   , -   , -   , -   ," 2,728,035.36 "," 1,239,232 "," 1,044,103,405.66 "," 13,204,213.87 ", -   , -   ," 1,488,803.36 "," 2,192,006.19 "," 2,279,686.44 ","790,883.08","2,279,686.44", -   ," 2,279,686.44 ",," 3,518,918.44 ",,,,,,,,,
509,Stratford,TRUE,509,Stratford, 65.19 ," 272,640.05 ", 47.05 ," 110,370.39 ", 23.61 ," 50,571.33 ", -   , -   , -   , -   ," 433,581.77 "," 117,743 "," 157,247,476.34 "," 3,342,405.47 "," 5,762.31 "," 271,094.82 "," 586,933.59 "," 890,513.81 "," 926,134.36 ","339,200.77","926,134.36", -   ," 926,134.36 ",," 1,043,877.36 ",,,,,,,,,
511,Stratham,TRUE,511,Stratham," 1,047.24 "," 4,379,544.30 ", 54.86 ," 128,693.11 ", 170.99 ," 366,270.00 ", 1.00 , 816.00 , 1.20 ," 5,018.40 "," 4,880,341.81 "," 2,775,138 "," 2,314,357,068.85 "," 42,189,372.05 ", -   , -   ," 2,105,203.81 "," 1,854,782.86 "," 1,928,974.17 ",0.00,"2,061,008.15", -   ," 2,105,203.81 ",," 4,880,341.81 ",,,,,,,,,
512,Sugar Hill,TRUE,512,Sugar Hill, 57.33 ," 239,756.15 ", 7.68 ," 18,007.90 ", 12.00 ," 25,704.00 ", 0.84 , 684.54 , -   , -   ," 284,152.59 "," 353,310 "," 295,792,109.38 "," 38,534,667.72 ", -   , -   , -   , -   , -   ,0.00,0.00, -   , -   ,," 353,310.00 ",,,,,,,,,
513,Sullivan,TRUE,513,Sullivan, 73.77 ," 308,492.34 ", 24.92 ," 58,454.58 ", 17.30 ," 37,056.60 ", -   , -   , -   , -   ," 404,003.52 "," 99,805 "," 88,438,101.54 "," 3,549,350.50 "," 5,410.50 "," 134,811.91 "," 439,010.43 "," 713,237.17 "," 741,766.66 ","302,756.23","741,766.66", -   ," 741,766.66 ",," 841,571.66 ",,,,,,,,,
514,Success,TRUE,514,Success, -   , -   , -   , -   , -   , -   , -   , -   , -   , -   , -   ," 21,892 "," 18,029,863.10 ", -   ,  , -   , -   , -   , -   ,0.00,0.00, -   , -   ,," 21,892.00 ",,,,,,,,,
515,Sunapee,TRUE,515,Sunapee, 328.84 ," 1,375,188.81 ", 68.67 ," 161,093.72 ", 59.78 ," 128,047.26 ", 2.00 ," 1,632.00 ", -   , -   ," 1,665,961.79 "," 3,229,674 "," 2,693,315,573.86 "," 39,222,623.46 ", -   , -   , -   , -   , -   ,0.00,0.00, -   , -   ,," 3,229,674.00 ",,,,,,,,,
519,Surry,TRUE,519,Surry, 96.58 ," 403,916.38 ", 13.02 ," 30,537.18 ", 11.60 ," 24,847.20 ", 1.00 , 816.00 , -   , -   ," 460,116.76 "," 150,650 "," 128,202,408.42 "," 9,849,071.46 ", -   , -   ," 309,466.76 "," 361,392.66 "," 375,848.37 ","66,381.61","375,848.37", -   ," 375,848.37 ",," 526,498.37 ",,,,,,,,,
521,Sutton,TRUE,521,Sutton, 244.97 ," 1,024,484.61 ", 41.00 ," 96,181.54 ", 38.57 ," 82,620.15 ", 1.62 ," 1,323.72 ", -   , -   ," 1,204,610.02 "," 570,226 "," 473,934,320.89 "," 11,559,909.38 ", -   , -   ," 634,384.02 "," 538,076.71 "," 559,599.78 ",0.00,"565,928.66", -   ," 634,384.02 ",," 1,204,610.02 ",,,,,,,,,
523,Swanzey,TRUE,523,Swanzey, 834.06 ," 3,488,042.68 ", 298.66 ," 700,661.99 ", 156.81 ," 335,893.66 ", 6.89 ," 5,618.24 ", -   , -   ," 4,530,216.57 "," 1,144,445 "," 965,179,151.52 "," 3,231,672.79 "," 5,950.56 "," 1,777,207.41 "," 5,162,978.98 "," 5,940,661.81 "," 6,178,288.28 ","1,015,309.30","6,178,288.28", -   ," 6,178,288.28 ",," 7,322,733.28 ",,,,,,,,,
525,Tamworth,TRUE,525,Tamworth, 268.32 ," 1,122,132.22 ", 134.66 ," 315,915.64 ", 70.27 ," 150,511.70 ", 3.79 ," 3,091.58 ", -   , -   ," 1,591,651.14 "," 789,191 "," 667,256,460.84 "," 4,955,068.50 "," 3,020.78 "," 406,782.94 "," 1,209,243.08 "," 894,169.02 "," 929,935.78 ",0.00,"1,231,293.63", -   ," 1,209,243.08 ",," 1,998,434.08 ",,,,,,,,,
527,Temple,TRUE,527,Temple, 101.79 ," 425,703.76 ", 21.00 ," 49,266.00 ", 24.42 ," 52,313.85 ", -   , -   , -   , -   ," 527,283.61 "," 294,026 "," 245,319,768.36 "," 11,681,893.73 ", -   , -   ," 233,257.61 "," 220,507.78 "," 229,328.09 ",0.00,"229,328.09", -   ," 233,257.61 ",," 527,283.61 ",,,,,,,,,
531,Thornton,TRUE,531,Thornton, 265.72 ," 1,111,256.51 ", 50.60 ," 118,712.06 ", 46.59 ," 99,797.71 ", 1.04 , 852.23 , 0.68 ," 2,822.85 "," 1,333,441.36 "," 916,084 "," 765,886,288.56 "," 15,135,524.33 ", -   , -   ," 417,357.36 "," 733,442.10 "," 762,779.78 ","345,422.42","762,779.78", -   ," 762,779.78 ",," 1,678,863.78 ",,,,,,,,,
532,Tilton,TRUE,532,Tilton, 402.67 ," 1,683,971.38 ", 210.67 ," 494,221.73 ", 98.63 ," 211,254.96 ", 4.63 ," 3,778.65 ", -   , -   ," 2,393,226.72 "," 1,087,477 "," 947,428,517.71 "," 4,497,307.90 "," 3,798.98 "," 800,314.06 "," 2,106,063.78 "," 1,666,609.61 "," 1,733,273.99 ",0.00,"2,076,009.04", -   ," 2,106,063.78 ",," 3,193,540.78 ",,,,,,,,,
535,Troy,TRUE,535,Troy, 258.85 ," 1,082,527.43 ", 104.71 ," 245,638.16 ", 56.89 ," 121,868.23 ", -   , -   , -   , -   ," 1,450,033.82 "," 245,953 "," 237,328,770.14 "," 2,266,640.02 "," 7,591.11 "," 794,828.14 "," 1,998,908.96 "," 2,358,978.22 "," 2,453,337.35 ","454,428.39","2,453,337.35", -   ," 2,453,337.35 ",," 2,699,290.35 ",,,,,,,,,
537,Tuftonboro,TRUE,537,Tuftonboro, 215.31 ," 900,413.04 ", 57.08 ," 133,917.89 ", 33.24 ," 71,200.51 ", -   , -   , -   , -   ," 1,105,531.44 "," 2,495,879 "," 2,064,571,918.68 "," 36,167,577.65 ", -   , -   , -   , -   , -   ,0.00,0.00, -   , -   ,," 2,495,879.00 ",,,,,,,,,
539,Unity,TRUE,539,Unity, 135.60 ," 567,087.98 ", 51.05 ," 119,756.50 ", 34.47 ," 73,826.17 ", -   , -   , -   , -   ," 760,670.65 "," 230,823 "," 193,667,676.27 "," 3,793,901.64 "," 4,994.77 "," 254,968.38 "," 784,816.03 "," 849,501.93 "," 883,482.01 ","98,665.98","883,482.01", -   ," 883,482.01 ",," 1,114,305.01 ",,,,,,,,,
543,Wakefield,TRUE,543,Wakefield, 607.37 ," 2,540,020.50 ", 209.47 ," 491,420.84 ", 116.87 ," 250,339.40 ", 3.00 ," 2,448.00 ", -   , -   ," 3,284,228.74 "," 2,313,168 "," 1,919,561,193.02 "," 9,163,816.77 ", -   , -   ," 971,060.74 "," 1,188,889.53 "," 1,236,445.11 ","265,384.37","1,236,445.11", -   ," 1,236,445.11 ",," 3,549,613.11 ",,,,,,,,,
545,Walpole,TRUE,545,Walpole, 366.67 ," 1,533,416.45 ", 100.44 ," 235,642.80 ", 56.91 ," 121,902.72 ", 3.00 ," 2,448.00 ", -   , -   ," 1,893,409.97 "," 857,246 "," 752,388,208.14 "," 7,490,586.42 ", -   , -   ," 1,036,163.97 "," 1,317,400.58 "," 1,370,096.60 ","333,932.63","1,370,096.60", -   ," 1,370,096.60 ",," 2,227,342.60 ",,,,,,,,,
547,Warner,TRUE,547,Warner, 323.98 ," 1,354,870.98 ", 70.47 ," 165,326.61 ", 55.36 ," 118,571.70 ", 2.00 ," 1,632.00 ", 0.15 , 627.30 ," 1,641,028.59 "," 578,997 "," 487,506,923.84 "," 6,917,768.75 ", -   , -   ," 1,062,031.59 "," 1,200,535.49 "," 1,248,556.91 ","186,525.32","1,248,556.91", -   ," 1,248,556.91 ",," 1,827,553.91 ",,,,,,,,,
549,Warren,TRUE,549,Warren, 90.83 ," 379,831.82 ", 47.34 ," 111,049.32 ", 15.15 ," 32,453.44 ", -   , -   , -   , -   ," 523,334.58 "," 159,306 "," 155,326,063.26 "," 3,281,379.41 "," 5,866.05 "," 277,673.23 "," 641,701.81 "," 799,442.59 "," 831,420.29 ","189,718.48","831,420.29", -   ," 831,420.29 ",," 990,726.29 ",,,,,,,,,
551,Washington,TRUE,551,Washington, 96.22 ," 402,382.84 ", 38.99 ," 91,467.02 ", 17.46 ," 37,406.82 ", -   , -   , -   , -   ," 531,256.68 "," 527,197 "," 437,936,618.42 "," 11,232,456.20 ", -   , -   ," 4,059.68 "," 80,029.92 "," 83,231.12 ","79,171.44",0.00, -   ," 83,231.12 ",," 610,428.12 ",,,,,,,,,
553,Waterville Valley,TRUE,553,Waterville Valley, 42.92 ," 179,498.55 ", 4.00 ," 9,384.00 ", 7.30 ," 15,640.24 ", 4.00 ," 3,264.00 ", -   , -   ," 207,786.79 "," 716,594 "," 591,573,011.76 "," 147,893,252.94 ", -   , -   , -   , -   , -   ,0.00,0.00, -   , -   ,," 716,594.00 ",,,,,,,,,
555,Weare,TRUE,555,Weare," 1,256.52 "," 5,254,745.73 ", 204.80 ," 480,464.55 ", 301.78 ," 646,420.47 ", 4.00 ," 3,264.00 ", 0.15 , 627.30 ," 6,385,522.05 "," 1,816,929 "," 1,539,489,394.61 "," 7,516,979.33 ", -   , -   ," 4,568,593.05 "," 7,371,126.39 "," 7,665,971.45 ","3,097,378.40","7,665,971.45", -   ," 7,665,971.45 ",," 9,482,900.45 ",,,,,,,,,
557,Webster,TRUE,557,Webster, 203.12 ," 849,459.13 ", 58.42 ," 137,056.14 ", 60.33 ," 129,229.64 ", -   , -   , -   , -   ," 1,115,744.91 "," 420,504 "," 375,454,443.00 "," 6,426,681.46 ", 519.04 ," 30,323.03 "," 725,563.94 "," 528,314.05 "," 549,446.61 ",0.00,"652,000.37", -   ," 725,563.94 ",," 1,146,067.94 ",,,,,,,,,
559,Wentworth,TRUE,559,Wentworth, 111.72 ," 467,200.08 ", 34.26 ," 80,379.36 ", 22.08 ," 47,299.86 ", -   , -   , -   , -   ," 594,879.30 "," 216,950 "," 190,958,513.59 "," 5,573,429.50 "," 1,969.57 "," 67,481.99 "," 445,411.29 "," 668,215.46 "," 694,944.08 ","249,532.79","694,944.08", -   ," 694,944.08 ",," 911,894.08 ",,,,,,,,,
561,Wentworth's Location,TRUE,561,Wentworth's Location, -   , -   , -   , -   , -   , -   , -   , -   , -   , -   , -   ," 13,217 "," 11,037,247.88 ", -   ,  , -   , -   , -   , -   ,0.00,0.00, -   , -   ,," 13,217.00 ",,,,,,,,,
563,Westmoreland,TRUE,563,Westmoreland, 161.81 ," 676,681.06 ", 32.50 ," 76,254.62 ", 32.11 ," 68,778.33 ", -   , -   , -   , -   ," 821,714.01 "," 287,669 "," 238,926,023.09 "," 7,350,642.63 ", -   , -   ," 534,045.01 "," 729,334.70 "," 758,508.09 ","224,463.08","758,508.09", -   ," 758,508.09 ",," 1,046,177.09 ",,,,,,,,,
567,Whitefield,TRUE,567,Whitefield, 255.94 ," 1,070,336.48 ", 122.00 ," 286,217.16 ", 73.54 ," 157,523.32 ", 0.23 , 188.99 , -   , -   ," 1,514,265.95 "," 442,750 "," 398,296,906.80 "," 3,264,669.87 "," 5,894.46 "," 719,137.24 "," 1,790,653.19 "," 1,876,982.01 "," 1,952,061.29 ","161,408.10","1,952,061.29", -   ," 1,952,061.29 ",," 2,394,811.29 ",,,,,,,,,
569,Wilmot,TRUE,569,Wilmot, 187.72 ," 785,047.13 ", 13.87 ," 32,544.89 ", 28.68 ," 61,439.41 ", 3.00 ," 2,448.00 ", -   , -   ," 881,479.43 "," 351,132 "," 293,684,833.23 "," 21,170,288.93 ", -   , -   ," 530,347.43 "," 479,327.27 "," 498,500.36 ",0.00,"523,029.03", -   ," 530,347.43 ",," 881,479.43 ",,,,,,,,,
571,Wilton,TRUE,571,Wilton, 399.50 ," 1,670,695.20 ", 92.92 ," 217,998.06 ", 88.93 ," 190,491.06 ", -   , -   , -   , -   ," 2,079,184.32 "," 788,694 "," 655,790,909.17 "," 7,057,335.56 ", -   , -   ," 1,290,490.32 "," 1,219,029.49 "," 1,267,790.67 ",0.00,"1,267,790.67", -   ," 1,290,490.32 ",," 2,079,184.32 ",,,,,,,,,
573,Winchester,TRUE,573,Winchester, 475.84 ," 1,989,969.57 ", 234.29 ," 549,642.93 ", 113.65 ," 243,437.01 ", 1.17 , 954.07 , -   , -   ," 2,784,003.58 "," 504,159 "," 468,792,301.97 "," 2,000,911.27 "," 8,042.85 "," 1,884,354.70 "," 4,164,199.28 "," 4,201,950.12 "," 4,370,028.12 ","205,828.84","4,370,028.12", -   ," 4,370,028.12 ",," 4,874,187.12 ",,,,,,,,,
575,Windham,TRUE,575,Windham," 2,957.32 "," 12,367,510.15 ", 99.81 ," 234,158.95 ", 503.86 ," 1,079,261.27 ", 82.19 ," 67,066.14 ", 0.60 ," 2,509.20 "," 13,750,505.71 "," 5,637,911 "," 4,673,961,891.83 "," 46,827,654.91 ", -   , -   ," 8,112,594.71 "," 7,006,583.44 "," 7,286,846.78 ",0.00,"8,045,466.36", -   ," 8,112,594.71 ",," 13,750,505.71 ",,,,,,,,,
579,Windsor,TRUE,579,Windsor, 15.22 ," 63,637.91 ", 2.79 ," 6,555.43 ", 4.00 ," 8,568.00 ", -   , -   , -   , -   ," 78,761.34 "," 45,629 "," 38,219,764.42 "," 13,677,759.88 ", -   , -   ," 33,132.34 "," 67,204.83 "," 69,893.02 ","36,760.68","69,893.02", -   ," 69,893.02 ",," 115,522.02 ",,,,,,,,,
583,Wolfeboro,TRUE,583,Wolfeboro, 600.90 ," 2,512,961.71 ", 154.35 ," 362,100.64 ", 90.51 ," 193,867.92 ", -   , -   , 3.99 ," 16,667.36 "," 3,085,597.63 "," 4,838,047 "," 3,966,216,704.95 "," 25,696,569.67 ", -   , -   , -   , -   , -   ,0.00,0.00, -   , -   ,," 4,838,047.00 ",,,,,,,,,
585,Woodstock,TRUE,585,Woodstock, 125.98 ," 526,838.32 ", 39.56 ," 92,796.97 ", 27.54 ," 59,000.10 ", 0.80 , 652.80 , -   , -   ," 679,288.19 "," 635,433 "," 534,126,047.06 "," 13,503,239.69 ", -   , -   ," 43,855.19 "," 216,997.76 "," 225,677.67 ","181,822.48","225,677.67", -   ," 225,677.67 ",," 861,110.67 ",,,,,,,,,
417,#REF!,#REF!,417,Orford, 107.67 ," 450,278.03 ", 27.58 ," 64,691.18 ", 21.06 ," 45,103.24 ", -   , -   , -   , -   ," 560,072.45 "," 287,834 "," 241,119,253.33 "," 8,744,093.52 ", -   , -   ," 272,238.45 "," 351,434.14 "," 365,491.51 ","93,253.06","365,491.51", -   ," 365,491.51 ",," 653,325.51 ",,,,,,,,,
,,,,,,,,,,,,,, -   ,,,,,,,,, -   ,,0.00 , -   ,,, -   ,,,,,,,,,
,,,,,,,,,,,,,, -   ,,,,,,,,, -   ,,0.00 , -   ,,, -   ,,,,,,,,,
,,,a,ATK. & GILMANTON ACAD.,, -   ,0.00, -   ,0.00, -   ,0.00, -   ,, -   , -   ," 1,264 "," 1,036,199.78 ",  ,  ,, -   , -   , -   , -   , -   , -   , -   ,," 1,264.00 ",,,,,,,,,
,,,b,BEAN'S GRANT,, -   ,0.00, -   ,0.00, -   ,0.00, -   ,, -   , -   , -   , -   ,  ,  ,, -   , -   , -   , -   , -   , -   , -   ,, -   ,,,,,,,,,
,,,c,BEAN'S PURCHASE,, -   ,0.00, -   ,0.00, -   ,0.00, -   ,, -   , -   , -   , -   ,  ,  ,, -   , -   , -   , -   , -   , -   , -   ,, -   ,,,,,,,,,
,,,d,CHANDLER'S PURCHASE,, -   ,0.00, -   ,0.00, -   ,0.00, -   ,, -   , -   , 63 ," 61,500.53 ",  ,,, -   , -   , -   , -   , -   , -   , -   ,, 63.00 ,,,,,,,,,
,,,e,CRAWFORD'S PURCH.,, -   ,0.00, -   ,0.00, -   ,0.00, -   ,, -   , -   , 393 ," 322,762.96 ",  ,  ,, -   , -   , -   , -   , -   , -   , -   ,, 393.00 ,,,,,,,,,
,,,f,CUTT'S GRANT,, -   ,0.00, -   ,0.00, -   ,0.00, -   ,, -   , -   , -   , -   ,  ,  ,, -   , -   , -   , -   , -   , -   , -   ,, -   ,,,,,,,,,
,,,g,ERVING'S GRANT,, -   ,0.00, -   ,0.00, -   ,0.00, -   ,, -   , -   , 74 ," 60,442.45 ",  ,  ,, -   , -   , -   , -   , -   , -   , -   ,, 74.00 ,,,,,,,,,
,,,h,GREEN'S GRANT,, -   ,0.00, -   ,0.00, -   ,0.00, -   ,, -   , -   ," 13,872 "," 11,564,215.12 ",  ,  ,, -   , -   , -   , -   , -   , -   , -   ,," 13,872.00 ",,,,,,,,,
,,,i,HADLEY'S PURCH.,, -   ,0.00, -   ,0.00, -   ,0.00, -   ,, -   , -   , -   , -   ,  ,  ,, -   , -   , -   , -   , -   , -   , -   ,, -   ,,,,,,,,,
,,,j,KILKENNY,, -   ,0.00, -   ,0.00, -   ,0.00, -   ,, -   , -   , -   ," 35,203.00 ",  ,  ,, -   , -   , -   , -   , -   , -   , -   ,, -   ,,,,,,,,,
,,,k,LIVERMORE,, -   ,0.00, -   ,0.00, -   ,0.00, -   ,, -   , -   , 167 ," 136,600.00 ",  ,  ,, -   , -   , -   , -   , -   , -   , -   ,, 167.00 ,,,,,,,,,
,,,l,LOW & BURBANK GR.,, -   ,0.00, -   ,0.00, -   ,0.00, -   ,, -   , -   , -   , -   ,  ,  ,, -   , -   , -   , -   , -   , -   , -   ,, -   ,,,,,,,,,
,,,m,SARGENT'S PURCHASE,, -   ,0.00, -   ,0.00, -   ,0.00, -   ,, -   , -   ," 3,231 "," 2,648,709.68 ",  ,  ,, -   , -   , -   , -   , -   , -   , -   ,," 3,231.00 ",,,,,,,,,
,,,n,SECOND COLLEGE GR.,, -   ,0.00, -   ,0.00, -   ,0.00, -   ,, -   , -   ," 2,233 "," 1,829,985.96 ",  ,  ,, -   , -   , -   , -   , -   , -   , -   ,," 2,233.00 ",,,,,,,,,
,,,o,THOM. & MES. PURCH.,, -   ,0.00, -   ,0.00, -   ,0.00, -   ,, -   , -   ," 11,217 "," 9,232,799.90 ",  ,  ,, -   , -   , -   , -   , -   , -   , -   ,," 11,217.00 ",,,,,,,,,
,,,,,,,,,,,,,,,,,,,,,,,,,,,,,,,,,,,,,,
,,,,,,,,,,,,,,,,,,,,,,,,,,,,,,,,,,,,,,
,,,,,,,,,,,,,,,,,,,,,,,,,,, -   ,,,,,,,,,,,
,,,,,,,,,,,,,,,,,,,,,,,,,,,,,,,,,,,,,,
,,,,,,,,,,,,,,,,,,,,,,,,,,,,,,,,,,,,,,
,,,,,,,,,,,,,,,,,,,,,,,,,,,,,,,,,,,,,,
,,,,,,,,,,,,,,,,,,,,,,,,,,,,,,,,,,,,,,
,,,,,,,,,,,,,,,,,,,,,,,,,,,,,,,,,,,,,,
,,,,,,,,,,,,,,,,,,,,,,,,,,,,,,,,,,,,,,
,,,,,,,,,,,,,,,,,,,,,,,,,,,,,,,,,,,,,,
,,,,,,,,,,,,,,,,,,,,,,,,,,,,,,,,,,,,,,
,,,,,,,,,,,,,,,,,,,,,,,,,,,,,,,,,,,,,,
,,,,,,,,,,,,,,,,,,,,,,,,,,,,,,,,,,,,,,
,,,,,,,,,,,,,,,,,,,,,,,,,,,,,,,,,,,,,,
,,,,,,,,,,,,,,,,,,,,,,,,,,,,,,,,,,,,,,
,,,,,,,,,,,,,,,,,,,,,,,,,,,,,,,,,,,,,,
,,,,,,,,,,,,,,,,,,,,,,,,,,,,,,,,,,,,,,
,,,,,,,,,,,,,,,,,,,,,,,,,,,,,,,,,,,,,,
,,,,,,,,,,,,,,,,,,,,,,,,,,,,,,,,,,,,,,
,,,,,,,,,,,,,,,,,,,,,,,,,,,,,,,,,,,,,,
,,,,,,,,,,,,,,,,,,,,,,,,,,,,,,,,,,,,,,
,,,,,,,,,,,,,,,,,,,,,,,,,,,,,,,,,,,,,,
,,,,,,,,,,,,,,,,,,,,,,,,,,,,,,,,,,,,,,
,,,,,,,,,,,,,,,,,,,,,,,,,,,,,,,,,,,,,,
,,,,,,,,,,,,,,,,,,,,,,,,,,,,,,,,,,,,,,
,,,,,,,,,,,,,,,,,,,,,,,,,,,,,,,,,,,,,,
,,,,,,,,,,,,,,,,,,,,,,,,,,,,,,,,,,,,,,
,,,,,,,,,,,,,,,,,,,,,,,,,,,,,,,,,,,,,,
,,,,,,,,,,,,,,,,,,,,,,,,,,,,,,,,,,,,,,
,,,,,,,,,,,,,,,,,,,,,,,,,,,,,,,,,,,,,,
,,,,,,,,,,,,,,,,,,,,,,,,,,,,,,,,,,,,,,
,,,,,,,,,,,,,,,,,,,,,,,,,,,,,,,,,,,,,,
,,,,,,,,,,,,,,,,,,,,,,,,,,,,,,,,,,,,,,
,,,,,,,,,,,,,,,,,,,,,,,,,,,,,,,,,,,,,,
,,,,,,,,,,,,,,,,,,,,,,,,,,,,,,,,,,,,,,
,,,,,,,,,,,,,,,,,,,,,,,,,,,,,,,,,,,,,,
,,,,,,,,,,,,,,,,,,,,,,,,,,,,,,,,,,,,,,
,,,,,,,,,,,,,,,,,,,,,,,,,,,,,,,,,,,,,,
,,,,,,,,,,,,,,,,,,,,,,,,,,,,,,,,,,,,,,
,,,,,,,,,,,,,,,,,,,,,,,,,,,,,,,,,,,,,,
,,,,,,,,,,,,,,,,,,,,,,,,,,,,,,,,,,,,,,
,,,,,,,,,,,,,,,,,,,,,,,,,,,,,,,,,,,,,,
,,,,,,,,,,,,,,,,,,,,,,,,,,,,,,,,,,,,,,
,,,,,,,,,,,,,,,,,,,,,,,,,,,,,,,,,,,,,,
,,,,,,,,,,,,,,,,,,,,,,,,,,,,,,,,,,,,,,
,,,,,,,,,,,,,,,,,,,,,,,,,,,,,,,,,,,,,,
,,,,,,,,,,,,,,,,,,,,,,,,,,,,,,,,,,,,,,
,,,,,,,,,,,,,,,,,,,,,,,,,,,,,,,,,,,,,,
,,,,,,,,,,,,,,,,,,,,,,,,,,,,,,,,,,,,,,
,,,,,,,,,,,,,,,,,,,,,,,,,,,,,,,,,,,,,,
,,,,,,,,,,,,,,,,,,,,,,,,,,,,,,,,,,,,,,
,,,,,,,,,,,,,,,,,,,,,,,,,,,,,,,,,,,,,,
,,,,,,,,,,,,,,,,,,,,,,,,,,,,,,,,,,,,,,
,,,,,,,,,,,,,,,,,,,,,,,,,,,,,,,,,,,,,,
,,,,,,,,,,,,,,,,,,,,,,,,,,,,,,,,,,,,,,
,,,,,,,,,,,,,,,,,,,,,,,,,,,,,,,,,,,,,,
,,,,,,,,,,,,,,,,,,,,,,,,,,,,,,,,,,,,,,
,,,,,,,,,,,,,,,,,,,,,,,,,,,,,,,,,,,,,,
,,,,,,,,,,,,,,,,,,,,,,,,,,,,,,,,,,,,,,
,,,,,,,,,,,,,,,,,,,,,,,,,,,,,,,,,,,,,,
,,,,,,,,,,,,,,,,,,,,,,,,,,,,,,,,,,,,,,
,,,,,,,,,,,,,,,,,,,,,,,,,,,,,,,,,,,,,,
,,,,,,,,,,,,,,,,,,,,,,,,,,,,,,,,,,,,,,
,,,,,,,,,,,,,,,,,,,,,,,,,,,,,,,,,,,,,,
,,,,,,,,,,,,,,,,,,,,,,,,,,,,,,,,,,,,,,
,,,,,,,,,,,,,,,,,,,,,,,,,,,,,,,,,,,,,,
,,,,,,,,,,,,,,,,,,,,,,,,,,,,,,,,,,,,,,
,,,,,,,,,,,,,,,,,,,,,,,,,,,,,,,,,,,,,,
,,,,,,,,,,,,,,,,,,,,,,,,,,,,,,,,,,,,,,
,,,,,,,,,,,,,,,,,,,,,,,,,,,,,,,,,,,,,,
,,,,,,,,,,,,,,,,,,,,,,,,,,,,,,,,,,,,,,
,,,,,,,,,,,,,,,,,,,,,,,,,,,,,,,,,,,,,,
,,,,,,,,,,,,,,,,,,,,,,,,,,,,,,,,,,,,,,
,,,,,,,,,,,,,,,,,,,,,,,,,,,,,,,,,,,,,,
,,,,,,,,,,,,,,,,,,,,,,,,,,,,,,,,,,,,,,
,,,,,,,,,,,,,,,,,,,,,,,,,,,,,,,,,,,,,,
,,,,,,,,,,,,,,,,,,,,,,,,,,,,,,,,,,,,,,
,,,,,,,,,,,,,,,,,,,,,,,,,,,,,,,,,,,,,,
,,,,,,,,,,,,,,,,,,,,,,,,,,,,,,,,,,,,,,
,,,,,,,,,,,,,,,,,,,,,,,,,,,,,,,,,,,,,,
,,,,,,,,,,,,,,,,,,,,,,,,,,,,,,,,,,,,,,
,,,,,,,,,,,,,,,,,,,,,,,,,,,,,,,,,,,,,,
,,,,,,,,,,,,,,,,,,,,,,,,,,,,,,,,,,,,,,
,,,,,,,,,,,,,,,,,,,,,,,,,,,,,,,,,,,,,,
,,,,,,,,,,,,,,,,,,,,,,,,,,,,,,,,,,,,,,
,,,,,,,,,,,,,,,,,,,,,,,,,,,,,,,,,,,,,,
,,,,,,,,,,,,,,,,,,,,,,,,,,,,,,,,,,,,,,
,,,,,,,,,,,,,,,,,,,,,,,,,,,,,,,,,,,,,,
,,,,,,,,,,,,,,,,,,,,,,,,,,,,,,,,,,,,,,
,,,,,,,,,,,,,,,,,,,,,,,,,,,,,,,,,,,,,,
,,,,,,,,,,,,,,,,,,,,,,,,,,,,,,,,,,,,,,
,,,,,,,,,,,,,,,,,,,,,,,,,,,,,,,,,,,,,,
,,,,,,,,,,,,,,,,,,,,,,,,,,,,,,,,,,,,,,
,,,,,,,,,,,,,,,,,,,,,,,,,,,,,,,,,,,,,,
,,,,,,,,,,,,,,,,,,,,,,,,,,,,,,,,,,,,,,
,,,,,,,,,,,,,,,,,,,,,,,,,,,,,,,,,,,,,,
,,,,,,,,,,,,,,,,,,,,,,,,,,,,,,,,,,,,,,
,,,,,,,,,,,,,,,,,,,,,,,,,,,,,,,,,,,,,,
,,,,,,,,,,,,,,,,,,,,,,,,,,,,,,,,,,,,,,
,,,,,,,,,,,,,,,,,,,,,,,,,,,,,,,,,,,,,,
,,,,,,,,,,,,,,,,,,,,,,,,,,,,,,,,,,,,,,
,,,,,,,,,,,,,,,,,,,,,,,,,,,,,,,,,,,,,,
,,,,,,,,,,,,,,,,,,,,,,,,,,,,,,,,,,,,,,
,,,,,,,,,,,,,,,,,,,,,,,,,,,,,,,,,,,,,,
,,,,,,,,,,,,,,,,,,,,,,,,,,,,,,,,,,,,,,
,,,,,,,,,,,,,,,,,,,,,,,,,,,,,,,,,,,,,,
,,,,,,,,,,,,,,,,,,,,,,,,,,,,,,,,,,,,,,
,,,,,,,,,,,,,,,,,,,,,,,,,,,,,,,,,,,,,,
,,,,,,,,,,,,,,,,,,,,,,,,,,,,,,,,,,,,,,
,,,,,,,,,,,,,,,,,,,,,,,,,,,,,,,,,,,,,,
,,,,,,,,,,,,,,,,,,,,,,,,,,,,,,,,,,,,,,
,,,,,,,,,,,,,,,,,,,,,,,,,,,,,,,,,,,,,,
,,,,,,,,,,,,,,,,,,,,,,,,,,,,,,,,,,,,,,
,,,,,,,,,,,,,,,,,,,,,,,,,,,,,,,,,,,,,,
,,,,,,,,,,,,,,,,,,,,,,,,,,,,,,,,,,,,,,
,,,,,,,,,,,,,,,,,,,,,,,,,,,,,,,,,,,,,,
,,,,,,,,,,,,,,,,,,,,,,,,,,,,,,,,,,,,,,
,,,,,,,,,,,,,,,,,,,,,,,,,,,,,,,,,,,,,,
,,,,,,,,,,,,,,,,,,,,,,,,,,,,,,,,,,,,,,
,,,,,,,,,,,,,,,,,,,,,,,,,,,,,,,,,,,,,,
,,,,,,,,,,,,,,,,,,,,,,,,,,,,,,,,,,,,,,
,,,,,,,,,,,,,,,,,,,,,,,,,,,,,,,,,,,,,,
,,,,,,,,,,,,,,,,,,,,,,,,,,,,,,,,,,,,,,
,,,,,,,,,,,,,,,,,,,,,,,,,,,,,,,,,,,,,,
,,,,,,,,,,,,,,,,,,,,,,,,,,,,,,,,,,,,,,
,,,,,,,,,,,,,,,,,,,,,,,,,,,,,,,,,,,,,,
,,,,,,,,,,,,,,,,,,,,,,,,,,,,,,,,,,,,,,
,,,,,,,,,,,,,,,,,,,,,,,,,,,,,,,,,,,,,,
,,,,,,,,,,,,,,,,,,,,,,,,,,,,,,,,,,,,,,
,,,,,,,,,,,,,,,,,,,,,,,,,,,,,,,,,,,,,,
,,,,,,,,,,,,,,,,,,,,,,,,,,,,,,,,,,,,,,
,,,,,,,,,,,,,,,,,,,,,,,,,,,,,,,,,,,,,,
,,,,,,,,,,,,,,,,,,,,,,,,,,,,,,,,,,,,,,
,,,,,,,,,,,,,,,,,,,,,,,,,,,,,,,,,,,,,,
,,,,,,,,,,,,,,,,,,,,,,,,,,,,,,,,,,,,,,
,,,,,,,,,,,,,,,,,,,,,,,,,,,,,,,,,,,,,,
,,,,,,,,,,,,,,,,,,,,,,,,,,,,,,,,,,,,,,
,,,,,,,,,,,,,,,,,,,,,,,,,,,,,,,,,,,,,,
,,,,,,,,,,,,,,,,,,,,,,,,,,,,,,,,,,,,,,
,,,,,,,,,,,,,,,,,,,,,,,,,,,,,,,,,,,,,,
,,,,,,,,,,,,,,,,,,,,,,,,,,,,,,,,,,,,,,
,,,,,,,,,,,,,,,,,,,,,,,,,,,,,,,,,,,,,,
,,,,,,,,,,,,,,,,,,,,,,,,,,,,,,,,,,,,,,
,,,,,,,,,,,,,,,,,,,,,,,,,,,,,,,,,,,,,,
,,,,,,,,,,,,,,,,,,,,,,,,,,,,,,,,,,,,,,
,,,,,,,,,,,,,,,,,,,,,,,,,,,,,,,,,,,,,,
,,,,,,,,,,,,,,,,,,,,,,,,,,,,,,,,,,,,,,
,,,,,,,,,,,,,,,,,,,,,,,,,,,,,,,,,,,,,,
,,,,,,,,,,,,,,,,,,,,,,,,,,,,,,,,,,,,,,
,,,,,,,,,,,,,,,,,,,,,,,,,,,,,,,,,,,,,,
,,,,,,,,,,,,,,,,,,,,,,,,,,,,,,,,,,,,,,
,,,,,,,,,,,,,,,,,,,,,,,,,,,,,,,,,,,,,,
,,,,,,,,,,,,,,,,,,,,,,,,,,,,,,,,,,,,,,
,,,,,,,,,,,,,,,,,,,,,,,,,,,,,,,,,,,,,,
,,,,,,,,,,,,,,,,,,,,,,,,,,,,,,,,,,,,,,
,,,,,,,,,,,,,,,,,,,,,,,,,,,,,,,,,,,,,,
,,,,,,,,,,,,,,,,,,,,,,,,,,,,,,,,,,,,,,
,,,,,,,,,,,,,,,,,,,,,,,,,,,,,,,,,,,,,,
,,,,,,,,,,,,,,,,,,,,,,,,,,,,,,,,,,,,,,
,,,,,,,,,,,,,,,,,,,,,,,,,,,,,,,,,,,,,,
,,,,,,,,,,,,,,,,,,,,,,,,,,,,,,,,,,,,,,
,,,,,,,,,,,,,,,,,,,,,,,,,,,,,,,,,,,,,,
,,,,,,,,,,,,,,,,,,,,,,,,,,,,,,,,,,,,,,
,,,,,,,,,,,,,,,,,,,,,,,,,,,,,,,,,,,,,,
,,,,,,,,,,,,,,,,,,,,,,,,,,,,,,,,,,,,,,
,,,,,,,,,,,,,,,,,,,,,,,,,,,,,,,,,,,,,,
,,,,,,,,,,,,,,,,,,,,,,,,,,,,,,,,,,,,,,
,,,,,,,,,,,,,,,,,,,,,,,,,,,,,,,,,,,,,,
,,,,,,,,,,,,,,,,,,,,,,,,,,,,,,,,,,,,,,
,,,,,,,,,,,,,,,,,,,,,,,,,,,,,,,,,,,,,,
,,,,,,,,,,,,,,,,,,,,,,,,,,,,,,,,,,,,,,
,,,,,,,,,,,,,,,,,,,,,,,,,,,,,,,,,,,,,,
,,,,,,,,,,,,,,,,,,,,,,,,,,,,,,,,,,,,,,
,,,,,,,,,,,,,,,,,,,,,,,,,,,,,,,,,,,,,,
,,,,,,,,,,,,,,,,,,,,,,,,,,,,,,,,,,,,,,
,,,,,,,,,,,,,,,,,,,,,,,,,,,,,,,,,,,,,,
,,,,,,,,,,,,,,,,,,,,,,,,,,,,,,,,,,,,,,
,,,,,,,,,,,,,,,,,,,,,,,,,,,,,,,,,,,,,,
,,,,,,,,,,,,,,,,,,,,,,,,,,,,,,,,,,,,,,
,,,,,,,,,,,,,,,,,,,,,,,,,,,,,,,,,,,,,,
,,,,,,,,,,,,,,,,,,,,,,,,,,,,,,,,,,,,,,
,,,,,,,,,,,,,,,,,,,,,,,,,,,,,,,,,,,,,,
,,,,,,,,,,,,,,,,,,,,,,,,,,,,,,,,,,,,,,
,,,,,,,,,,,,,,,,,,,,,,,,,,,,,,,,,,,,,,
,,,,,,,,,,,,,,,,,,,,,,,,,,,,,,,,,,,,,,
,,,,,,,,,,,,,,,,,,,,,,,,,,,,,,,,,,,,,,
,,,,,,,,,,,,,,,,,,,,,,,,,,,,,,,,,,,,,,
,,,,,,,,,,,,,,,,,,,,,,,,,,,,,,,,,,,,,,
,,,,,,,,,,,,,,,,,,,,,,,,,,,,,,,,,,,,,,
,,,,,,,,,,,,,,,,,,,,,,,,,,,,,,,,,,,,,,
,,,,,,,,,,,,,,,,,,,,,,,,,,,,,,,,,,,,,,
,,,,,,,,,,,,,,,,,,,,,,,,,,,,,,,,,,,,,,
,,,,,,,,,,,,,,,,,,,,,,,,,,,,,,,,,,,,,,
,,,,,,,,,,,,,,,,,,,,,,,,,,,,,,,,,,,,,,
,,,,,,,,,,,,,,,,,,,,,,,,,,,,,,,,,,,,,,
,,,,,,,,,,,,,,,,,,,,,,,,,,,,,,,,,,,,,,
,,,,,,,,,,,,,,,,,,,,,,,,,,,,,,,,,,,,,,
,,,,,,,,,,,,,,,,,,,,,,,,,,,,,,,,,,,,,,
,,,,,,,,,,,,,,,,,,,,,,,,,,,,,,,,,,,,,,
,,,,,,,,,,,,,,,,,,,,,,,,,,,,,,,,,,,,,,
,,,,,,,,,,,,,,,,,,,,,,,,,,,,,,,,,,,,,,
,,,,,,,,,,,,,,,,,,,,,,,,,,,,,,,,,,,,,,
,,,,,,,,,,,,,,,,,,,,,,,,,,,,,,,,,,,,,,
,,,,,,,,,,,,,,,,,,,,,,,,,,,,,,,,,,,,,,
,,,,,,,,,,,,,,,,,,,,,,,,,,,,,,,,,,,,,,
,,,,,,,,,,,,,,,,,,,,,,,,,,,,,,,,,,,,,,
,,,,,,,,,,,,,,,,,,,,,,,,,,,,,,,,,,,,,,
,,,,,,,,,,,,,,,,,,,,,,,,,,,,,,,,,,,,,,
,,,,,,,,,,,,,,,,,,,,,,,,,,,,,,,,,,,,,,
